	tsne1	tsne2	cellType	cellID
0	-9.187174	-22.436829	acinar	
1	-8.116251	-22.392437	acinar	
2	-8.218428	-22.689045	acinar	
3	-7.9483247	-22.793028	acinar	
4	-8.124732	-22.396675	acinar	
5	-7.899234	-22.425068	acinar	
6	-7.962395	-22.797935	acinar	
7	-8.132289	-22.400917	acinar	
8	-8.218429	-22.689043	acinar	
9	-7.9805856	-22.8022	acinar	
10	-8.218428	-22.689045	acinar	
11	-7.9483247	-22.793028	acinar	
12	-7.8491664	-22.483212	acinar	
13	-8.132269	-22.400906	acinar	
14	-7.9081435	-22.419239	acinar	
15	-7.9310837	-22.785263	acinar	
16	-7.819199	-22.58137	acinar	
17	-8.124725	-22.396671	acinar	
18	-7.706194	-22.649103	acinar	
19	-8.220818	-22.683876	acinar	
20	-10.054092	1.5837234	beta	
21	-10.054092	1.5837234	beta	
22	-10.054092	1.5837234	beta	
23	-10.054092	1.5837234	beta	
24	-10.054084	1.5837235	beta	
25	-10.054084	1.5837233	beta	
26	-10.054084	1.5837235	beta	
27	-10.499671	2.4968376	beta	
28	-10.054097	1.5837234	beta	
29	-10.054097	1.5837234	beta	
30	-10.054097	1.5837234	beta	
31	-10.054097	1.5837234	beta	
32	-10.054097	1.5837234	beta	
33	-10.054097	1.5837234	beta	
34	-10.054097	1.5837234	beta	
35	-10.054084	1.5837235	beta	
36	-10.054084	1.5837235	beta	
37	-9.971887	1.4080284	beta	
38	-10.054097	1.5837233	beta	
39	-10.054097	1.5837233	beta	
40	-25.302336	-20.070032	delta	
41	-25.302336	-20.070032	delta	
42	-25.302336	-20.070032	delta	
43	-25.302336	-20.070032	delta	
44	-25.311485	-20.012875	delta	
45	-24.28545	-19.806583	delta	
46	-25.311485	-20.012875	delta	
47	-25.311485	-20.012875	delta	
48	-25.311485	-20.012875	delta	
49	-25.311485	-20.012875	delta	
50	-25.54311	-20.089008	delta	
51	-25.311485	-20.012875	delta	
52	-25.311485	-20.012875	delta	
53	-25.311485	-20.012875	delta	
54	-25.311485	-20.012875	delta	
55	-25.311485	-20.012875	delta	
56	-25.311485	-20.012875	delta	
57	-25.302336	-20.07008	delta	
58	-25.311485	-20.012875	delta	
59	-25.311485	-20.012875	delta	
60	-44.975384	-3.0715775	activated stellate	
61	-45.082043	-2.6751769	activated stellate	
62	-45.020977	-2.665624	activated stellate	
63	-45.082024	-2.6751697	activated stellate	
64	-44.808796	-2.9160163	activated stellate	
65	-44.97167	-3.0667832	activated stellate	
66	-45.082043	-2.675177	activated stellate	
67	-44.80828	-2.9131477	activated stellate	
68	-45.206898	-2.9027317	activated stellate	
69	-45.263096	-3.0664487	activated stellate	
70	-44.071476	-2.2270515	activated stellate	
71	-44.975452	-3.071589	activated stellate	
72	-44.689568	-2.6412182	activated stellate	
73	-45.020977	-2.665624	activated stellate	
74	-44.97546	-3.0715904	activated stellate	
75	-44.808796	-2.916015	activated stellate	
76	-44.80598	-2.8853645	activated stellate	
77	-45.272366	-3.0555592	activated stellate	
78	-45.082043	-2.675177	activated stellate	
79	-45.208706	-2.8944669	activated stellate	
80	-3.5534182	-22.031147	ductal	
81	-3.5534182	-22.031147	ductal	
82	-3.3919744	-21.947414	ductal	
83	-3.5554636	-22.03329	ductal	
84	-3.2469382	-22.335045	ductal	
85	-3.2469382	-22.335045	ductal	
86	-3.2463713	-22.33452	ductal	
87	-3.3919744	-21.947414	ductal	
88	-3.2468927	-22.335003	ductal	
89	-3.241663	-21.994501	ductal	
90	-3.5304356	-22.319431	ductal	
91	-3.5304356	-22.319431	ductal	
92	-3.5304356	-22.319431	ductal	
93	-3.241663	-21.994501	ductal	
94	-3.241663	-21.994501	ductal	
95	-3.7053049	-22.17444	ductal	
96	-3.2417817	-21.9944	ductal	
97	-3.4609618	-22.369606	ductal	
98	-3.2144299	-22.296703	ductal	
99	-2.2162845	-22.099653	ductal	
100	7.6078644	-32.362747	alpha	
101	7.356986	-32.410885	alpha	
102	7.6078644	-32.362747	alpha	
103	7.636957	-32.603447	alpha	
104	7.794564	-32.57529	alpha	
105	7.607582	-32.361416	alpha	
106	7.405584	-32.348793	alpha	
107	7.405584	-32.348793	alpha	
108	7.405584	-32.348793	alpha	
109	7.607582	-32.361416	alpha	
110	7.4565616	-32.637707	alpha	
111	7.607582	-32.361416	alpha	
112	7.4565616	-32.637707	alpha	
113	7.4565616	-32.637707	alpha	
114	7.426295	-32.6236	alpha	
115	7.426295	-32.6236	alpha	
116	6.4138703	-32.18215	alpha	
117	7.4565616	-32.637707	alpha	
118	7.607582	-32.361416	alpha	
119	7.4565616	-32.637707	alpha	
120	37.06723	-10.902108	epsilon	
121	37.06723	-10.902108	epsilon	
122	37.449703	-11.029338	epsilon	
123	37.449703	-11.029338	epsilon	
124	37.449703	-11.029338	epsilon	
125	37.449703	-11.029338	epsilon	
126	37.38739	-10.631542	epsilon	
127	37.449703	-11.029338	epsilon	
128	37.449703	-11.029338	epsilon	
129	37.449703	-11.029338	epsilon	
130	37.06723	-10.902108	epsilon	
131	37.06723	-10.902108	epsilon	
132	37.06723	-10.902108	epsilon	
133	37.105793	-11.315493	epsilon	
134	37.06723	-10.902108	epsilon	
135	37.06723	-10.902108	epsilon	
136	37.06723	-10.902108	epsilon	
137	37.06723	-10.902108	epsilon	
138	37.06723	-10.902108	epsilon	
139	37.06723	-10.902108	epsilon	
140	28.122557	-17.342829	gamma	
141	27.904457	-17.494942	gamma	
142	28.122557	-17.342829	gamma	
143	28.122557	-17.342829	gamma	
144	28.122557	-17.342829	gamma	
145	28.122557	-17.342829	gamma	
146	28.122557	-17.342829	gamma	
147	28.24408	-17.656708	gamma	
148	28.122557	-17.342829	gamma	
149	28.122557	-17.342829	gamma	
150	28.122557	-17.342829	gamma	
151	27.571903	-16.383041	gamma	
152	28.122557	-17.342829	gamma	
153	27.904457	-17.494942	gamma	
154	28.122557	-17.342829	gamma	
155	27.904457	-17.494942	gamma	
156	28.122557	-17.342829	gamma	
157	28.122557	-17.342829	gamma	
158	28.122557	-17.342829	gamma	
159	28.122557	-17.342829	gamma	
160	-30.464016	-2.476264	endothelial	
161	-30.464016	-2.476264	endothelial	
162	-29.92923	-1.6298667	endothelial	
163	-30.11907	-2.7521853	endothelial	
164	-30.464014	-2.4762626	endothelial	
165	-30.11907	-2.7521853	endothelial	
166	-30.11907	-2.7521853	endothelial	
167	-30.498348	-2.818806	endothelial	
168	-30.464014	-2.4762626	endothelial	
169	-30.498348	-2.818806	endothelial	
170	-30.537397	-2.664138	endothelial	
171	-30.498127	-2.8191183	endothelial	
172	-30.537397	-2.664138	endothelial	
173	-30.537397	-2.664138	endothelial	
174	-30.11907	-2.7521842	endothelial	
175	-30.464016	-2.4762642	endothelial	
176	-30.11907	-2.7521842	endothelial	
177	-30.11907	-2.7521842	endothelial	
178	-30.11907	-2.7521842	endothelial	
179	-30.371193	-3.0328631	endothelial	
180	-22.528057	-1.0273161	quiescent stellate	
181	-22.614773	-1.5646089	quiescent stellate	
182	-22.474052	-1.550538	quiescent stellate	
183	-22.75872	-1.3987215	quiescent stellate	
184	-22.75872	-1.3987215	quiescent stellate	
185	-22.474052	-1.550538	quiescent stellate	
186	-22.474052	-1.550538	quiescent stellate	
187	-22.430914	-1.5216299	quiescent stellate	
188	-22.75872	-1.3987215	quiescent stellate	
189	-22.5408	-1.1417265	quiescent stellate	
190	-22.474052	-1.550538	quiescent stellate	
191	-22.374561	-1.2405174	quiescent stellate	
192	-22.656872	-1.1608014	quiescent stellate	
193	-22.5408	-1.1417265	quiescent stellate	
194	-22.75872	-1.3987215	quiescent stellate	
195	-22.374561	-1.2405174	quiescent stellate	
196	-22.75865	-1.3991119	quiescent stellate	
197	-22.374561	-1.2405174	quiescent stellate	
198	-22.374561	-1.2405174	quiescent stellate	
199	-22.67078	-2.542002	quiescent stellate	
200	-10.321589	40.583435	macrophage	
201	-10.321589	40.583435	macrophage	
202	-10.534992	40.245495	macrophage	
203	-10.316482	40.584656	macrophage	
204	-10.193839	40.424183	macrophage	
205	-10.46231	40.20831	macrophage	
206	-10.317061	40.584953	macrophage	
207	-10.333775	40.61958	macrophage	
208	-10.634053	40.58865	macrophage	
209	-10.64437	40.392727	macrophage	
210	-10.534992	40.245495	macrophage	
211	-11.263611	39.687634	macrophage	
212	-10.634052	40.58865	macrophage	
213	-10.64437	40.392727	macrophage	
214	-10.634055	40.58865	macrophage	
215	-10.298564	40.58705	macrophage	
216	-10.279291	40.20386	macrophage	
217	-10.224146	40.161777	macrophage	
218	-10.251167	40.224415	macrophage	
219	-10.226073	40.160133	macrophage	
220	-1.8982044	6.3505983	schwann	
221	-0.8816748	6.411589	schwann	
222	-1.8982044	6.3505983	schwann	
223	-1.8982048	6.3505974	schwann	
224	-1.8982048	6.3505974	schwann	
225	-1.8982044	6.3505983	schwann	
226	-1.8982048	6.3505974	schwann	
227	-1.8982048	6.3505974	schwann	
228	-1.8982048	6.3505974	schwann	
229	-1.8982044	6.3505983	schwann	
230	-1.8982044	6.3505983	schwann	
231	-1.8982044	6.3505983	schwann	
232	-1.8982044	6.3505983	schwann	
233	-1.8982048	6.3505974	schwann	
234	-1.8982048	6.3505974	schwann	
235	-1.8982044	6.3505983	schwann	
236	-1.8982048	6.3505974	schwann	
237	-1.8982044	6.3505983	schwann	
238	-1.8982048	6.3505974	schwann	
239	-2.0936737	6.3390613	schwann	
240	-10.853658	10.242222	mast	
241	-10.96276	10.019712	mast	
242	-10.853658	10.242222	mast	
243	-10.853658	10.242222	mast	
244	-10.853658	10.242222	mast	
245	-10.853658	10.242222	mast	
246	-10.853658	10.242222	mast	
247	-10.853658	10.242222	mast	
248	-10.853658	10.242222	mast	
249	-9.965469	10.79793	mast	
250	-10.853658	10.242222	mast	
251	-10.853658	10.242222	mast	
252	-10.853658	10.242222	mast	
253	-11.1235	10.178114	mast	
254	-10.853658	10.242222	mast	
255	-10.853658	10.242222	mast	
256	-11.017466	10.3484745	mast	
257	-10.853658	10.242222	mast	
258	-10.853658	10.242222	mast	
259	-10.853658	10.242222	mast	
260	-34.349495	17.390656	T cell	
261	-34.349495	17.390656	T cell	
262	-34.735	17.163633	T cell	
263	-34.670208	17.595404	T cell	
264	-34.670208	17.595404	T cell	
265	-34.735	17.163633	T cell	
266	-34.623722	17.182823	T cell	
267	-34.603657	17.191132	T cell	
268	-34.735	17.163633	T cell	
269	-34.89667	17.426453	T cell	
270	-34.89667	17.426453	T cell	
271	-34.89667	17.426453	T cell	
272	-34.89667	17.426453	T cell	
273	-34.60262	17.199575	T cell	
274	-34.62031	17.18429	T cell	
275	-34.664997	17.595427	T cell	
276	-34.662556	17.596735	T cell	
277	-34.66821	17.591488	T cell	
278	-35.101093	17.354382	T cell	
279	-34.66821	17.591488	T cell	
280	-22.729	-35.745537	NK cell	
281	-22.387032	-35.418083	NK cell	
282	-22.441267	-35.845623	NK cell	
283	-22.387032	-35.41808	NK cell	
284	-22.441267	-35.845623	NK cell	
285	-22.387032	-35.41808	NK cell	
286	-22.28733	-35.655983	NK cell	
287	-22.667423	-35.437534	NK cell	
288	-22.667423	-35.437534	NK cell	
289	-22.441267	-35.845623	NK cell	
290	-22.667423	-35.437534	NK cell	
291	-22.667423	-35.437534	NK cell	
292	-22.667423	-35.437534	NK cell	
293	-22.285133	-35.601974	NK cell	
294	-22.72899	-35.745552	NK cell	
295	-22.668436	-35.811127	NK cell	
296	-22.72899	-35.745552	NK cell	
297	-22.291815	-35.67983	NK cell	
298	-22.289536	-35.6692	NK cell	
299	-22.668436	-35.811127	NK cell	
300	-23.192253	-26.249836	B cell	
301	-23.192253	-26.249836	B cell	
302	-24.068745	-27.013088	B cell	
303	-23.384743	-25.924252	B cell	
304	-23.163158	-26.025127	B cell	
305	-23.230015	-26.282356	B cell	
306	-23.130842	-25.877607	B cell	
307	-23.345871	-26.306856	B cell	
308	-23.160412	-26.033016	B cell	
309	-23.230223	-26.282486	B cell	
310	-23.528105	-26.086945	B cell	
311	-23.528105	-26.086945	B cell	
312	-23.528105	-26.086945	B cell	
313	-23.528105	-26.086945	B cell	
314	-23.384758	-25.924255	B cell	
315	-23.34588	-26.306854	B cell	
316	-23.34588	-26.306854	B cell	
317	-23.166067	-26.019749	B cell	
318	-23.528105	-26.086945	B cell	
319	-23.384758	-25.924255	B cell	
320	-13.201249	-40.29451	nonclassical monocyte	
321	-13.201249	-40.29451	nonclassical monocyte	
322	-13.201249	-40.29451	nonclassical monocyte	
323	-13.201249	-40.29451	nonclassical monocyte	
324	-12.843368	-40.045586	nonclassical monocyte	
325	-13.201249	-40.29451	nonclassical monocyte	
326	-13.187687	-40.422134	nonclassical monocyte	
327	-12.272588	-40.237545	nonclassical monocyte	
328	-13.808475	-40.363415	nonclassical monocyte	
329	-12.761139	-40.364166	nonclassical monocyte	
330	-12.761139	-40.364166	nonclassical monocyte	
331	-12.761139	-40.364166	nonclassical monocyte	
332	-12.761139	-40.364166	nonclassical monocyte	
333	-12.761139	-40.364166	nonclassical monocyte	
334	-12.761139	-40.364166	nonclassical monocyte	
335	-12.843367	-40.045586	nonclassical monocyte	
336	-12.761139	-40.364166	nonclassical monocyte	
337	-12.761139	-40.364166	nonclassical monocyte	
338	-12.843368	-40.045586	nonclassical monocyte	
339	-12.842131	-40.549	nonclassical monocyte	
340	-18.25855	-41.449978	classical monocyte	
341	-18.2142	-41.188885	classical monocyte	
342	-18.650688	-41.358475	classical monocyte	
343	-18.167742	-41.090706	classical monocyte	
344	-18.25855	-41.449978	classical monocyte	
345	-18.491007	-41.091022	classical monocyte	
346	-18.504917	-41.524982	classical monocyte	
347	-18.491007	-41.091022	classical monocyte	
348	-18.25855	-41.449978	classical monocyte	
349	-18.491007	-41.091022	classical monocyte	
350	-18.491007	-41.091022	classical monocyte	
351	-18.650688	-41.358475	classical monocyte	
352	-18.648369	-41.365074	classical monocyte	
353	-18.25855	-41.449978	classical monocyte	
354	-18.504917	-41.524982	classical monocyte	
355	-18.25855	-41.449978	classical monocyte	
356	-18.25855	-41.449978	classical monocyte	
357	-18.491007	-41.091022	classical monocyte	
358	-18.491007	-41.091022	classical monocyte	
359	-18.652761	-41.35223	classical monocyte	
360	-17.828184	-28.3639	plasmablast	
361	-17.947441	-28.161781	plasmablast	
362	-17.947441	-28.161781	plasmablast	
363	-17.828505	-28.355272	plasmablast	
364	-18.246634	-28.21425	plasmablast	
365	-18.246634	-28.21425	plasmablast	
366	-18.246634	-28.21425	plasmablast	
367	-18.246634	-28.21425	plasmablast	
368	-17.906557	-28.546312	plasmablast	
369	-17.998634	-28.139893	plasmablast	
370	-17.998634	-28.139893	plasmablast	
371	-17.828094	-28.372519	plasmablast	
372	-18.282837	-28.475159	plasmablast	
373	-18.282837	-28.475159	plasmablast	
374	-18.282837	-28.475159	plasmablast	
375	-17.906555	-28.54631	plasmablast	
376	-18.139135	-28.598461	plasmablast	
377	-18.139135	-28.598461	plasmablast	
378	-18.139135	-28.598461	plasmablast	
379	-17.906553	-28.546307	plasmablast	
380	-40.588516	-12.54766	activated stellate	TuPa1_Plate2_B10_S000
381	-40.51895	-10.485985	activated stellate	TuPa1_Plate2_G3_S000
382	-42.787968	-5.842731	activated stellate	TuPa1_Plate1_D8_S000
383	-41.747314	-6.374061	activated stellate	TuPa1_Plate1_B5_S000
384	-42.38159	-6.5273376	activated stellate	TuPa1_Plate1_F11_S000
385	-40.409306	-11.513572	activated stellate	TuPa1_Plate2_C7_S000
386	-39.346703	-12.314202	activated stellate	TuPa1_Plate2_H5_S000
387	-41.438118	-13.854569	activated stellate	TuPa1_Plate2_B3_S000
388	-40.2894	-10.6176	activated stellate	TuPa1_Plate2_F3_S000
389	-41.120102	-7.0380898	activated stellate	TuPa1_Plate1_E3_S000
390	-41.39739	-13.031706	activated stellate	TuPa1_Plate2_B8_S000
391	-42.1763	-6.6849046	activated stellate	TuPa1_Plate2_D2_S000
392	-42.324425	-5.666847	activated stellate	TuPa1_Plate1_B8_S000
393	-39.002983	-12.706245	activated stellate	TuPa1_Plate2_A9_S000
394	-40.237183	-5.307301	activated stellate	TuPa1_Plate1_G2_S000
395	-19.688473	-2.6384676	quiescent stellate	TuPa1_Plate2_C11_S000
396	-41.29156	-11.045162	activated stellate	TuPa1_Plate2_B1_S000
397	-40.605198	-10.9603	activated stellate	TuPa1_Plate2_B4_S000
398	-39.340183	-12.319151	activated stellate	TuPa1_Plate2_A10_S000
399	-41.185616	-7.086685	activated stellate	TuPa1_Plate2_E2_S000
400	-41.40377	-5.2572303	activated stellate	TuPa1_Plate1_D2_S000
401	-42.52573	-4.9226565	activated stellate	TuPa1_Plate1_G1_S000
402	-30.065489	-2.3477054	endothelial	TuPa1_Plate1_D9_S000
403	-41.801704	-5.4990277	activated stellate	TuPa1_Plate2_E1_S000
404	-40.37025	-13.002225	activated stellate	TuPa1_Plate2_D6_S000
405	-43.503384	-4.650529	activated stellate	TuPa1_Plate1_H1_S000
406	-41.90249	-6.880368	activated stellate	TuPa1_Plate1_G8_S000
407	-41.76706	-11.348919	activated stellate	TuPa1_Plate2_A3_S000
408	-39.663593	-11.786254	activated stellate	TuPa1_Plate2_H3_S000
409	-40.398388	-10.650847	activated stellate	TuPa1_Plate2_C4_S000
410	-41.485195	-12.112087	activated stellate	TuPa1_Plate2_D11_S000
411	-41.76399	-9.460088	activated stellate	TuPa1_Plate2_D3_S000
412	-41.34444	-8.537305	activated stellate	TuPa1_Plate2_G2_S000
413	-41.330746	-13.851196	activated stellate	TuPa1_Plate2_A12_S000
414	-40.91853	-9.906095	activated stellate	TuPa1_Plate2_B2_S000
415	-41.730476	-10.628748	activated stellate	TuPa1_Plate2_H7_S000
416	-41.055065	-11.940673	activated stellate	TuPa1_Plate2_E11_S000
417	-42.157753	-5.252634	activated stellate	TuPa1_Plate2_D1_S000
418	-43.132137	-4.878111	activated stellate	TuPa1_Plate1_C1_S000
419	-40.449177	-14.204653	activated stellate	TuPa1_Plate2_A7_S000
420	-39.549057	-11.3735	activated stellate	TuPa1_Plate2_G4_S000
421	-39.648182	-11.044908	activated stellate	TuPa1_Plate2_C10_S000
422	-42.96799	-7.145155	activated stellate	TuPa1_Plate1_C2_S000
423	-42.406498	-5.626081	activated stellate	TuPa1_Plate1_B12_S000
424	-40.842842	-12.99442	activated stellate	TuPa1_Plate2_A11_S000
425	-40.442913	-13.892106	activated stellate	TuPa1_Plate2_B9_S000
426	-41.426735	-6.305258	activated stellate	TuPa1_Plate1_B11_S000
427	-41.8206	-6.3923044	activated stellate	TuPa1_Plate1_E8_S000
428	-40.236824	-13.052324	activated stellate	TuPa1_Plate2_C6_S000
429	-41.141815	-10.836361	activated stellate	TuPa1_Plate2_F11_S000
430	-41.78953	-10.698363	activated stellate	TuPa1_Plate1_H11_S000
431	-40.676132	-12.389432	activated stellate	TuPa1_Plate2_B6_S000
432	-41.703846	-13.664832	activated stellate	TuPa1_Plate2_C12_S000
433	-40.851124	-11.756162	activated stellate	TuPa1_Plate2_H11_S000
434	-41.408722	-6.07178	activated stellate	TuPa1_Plate1_D1_S000
435	-41.04733	-12.07154	activated stellate	TuPa1_Plate2_F12_S000
436	-41.690807	-5.8264623	activated stellate	TuPa1_Plate1_D5_S000
437	-42.498764	-12.073535	activated stellate	TuPa1_Plate1_E1_S000
438	-30.04357	-2.4507627	endothelial	TuPa1_Plate2_A2_S000
439	-39.913273	-12.508574	activated stellate	TuPa1_Plate2_H9_S000
440	-40.50284	-13.338462	activated stellate	TuPa1_Plate2_H8_S000
441	-43.939552	-4.402556	activated stellate	TuPa1_Plate1_G11_S000
442	-40.361156	-8.2424135	activated stellate	TuPa1_Plate1_B1_S000
443	-42.042618	-12.476149	activated stellate	TuPa1_Plate2_H12_S000
444	-40.807625	-11.170602	activated stellate	TuPa1_Plate2_A8_S000
445	-42.156517	-6.912515	activated stellate	TuPa1_Plate1_G10_S000
446	-41.47261	-7.109042	activated stellate	TuPa1_Plate1_G7_S000
447	-39.706905	-13.7532835	activated stellate	TuPa1_Plate2_D7_S000
448	-38.34557	-10.5166235	activated stellate	TuPa1_Plate1_D7_S000
449	-39.630417	-11.832886	activated stellate	TuPa1_Plate2_H10_S000
450	-41.60379	-6.4983883	activated stellate	TuPa1_Plate1_D11_S000
451	-29.492252	-2.8055677	endothelial	TuPa1_Plate2_F2_S000
452	-41.274826	-12.033575	activated stellate	TuPa1_Plate2_A6_S000
453	-20.421713	-1.843529	quiescent stellate	TuPa1_Plate1_B7_S000
454	-41.154724	-11.3624	activated stellate	TuPa1_Plate2_G1_S000
455	-41.005463	-5.8320603	activated stellate	TuPa1_Plate1_G12_S000
456	-42.315083	-5.6553836	activated stellate	TuPa1_Plate1_E9_S000
457	-41.666565	-6.962033	activated stellate	TuPa1_Plate1_H10_S000
458	-39.723476	-13.104464	activated stellate	TuPa1_Plate2_G5_S000
459	-41.3179	-7.8012633	activated stellate	TuPa1_Plate1_F8_S000
460	-40.838993	-6.7567058	activated stellate	TuPa1_Plate2_F1_S000
461	-40.61084	-11.094005	activated stellate	TuPa1_Plate2_F6_S000
462	-40.59094	-11.665753	activated stellate	TuPa1_Plate2_D10_S000
463	-39.67009	-8.387249	activated stellate	TuPa1_Plate1_A9_S000
464	-40.00127	-6.3214207	activated stellate	TuPa1_Plate1_G9_S000
465	-41.74557	-13.106625	activated stellate	TuPa1_Plate2_E12_S000
466	-41.89023	-6.4887166	activated stellate	TuPa1_Plate1_D10_S000
467	-40.174004	-14.455608	activated stellate	TuPa1_Plate2_E3_S000
468	-41.230465	-13.989524	activated stellate	TuPa1_Plate2_F8_S000
469	-40.008263	-11.912124	activated stellate	TuPa1_Plate2_F4_S000
470	-41.067997	-12.194337	activated stellate	TuPa1_Plate2_H6_S000
471	-41.23449	-4.6339173	activated stellate	TuPa1_Plate1_H2_S000
472	-43.17087	-6.277866	activated stellate	TuPa1_Plate1_F9_S000
473	-40.03424	-12.88918	activated stellate	TuPa1_Plate2_D5_S000
474	-42.418972	-6.333241	activated stellate	TuPa1_Plate1_D12_S000
475	-39.955315	-11.230859	activated stellate	TuPa1_Plate2_F7_S000
476	-41.712444	-5.499339	activated stellate	TuPa1_Plate1_A8_S000
477	-42.263004	-7.820966	activated stellate	TuPa1_Plate1_G3_S000
478	-38.499977	-11.781309	activated stellate	TuPa1_Plate2_E10_S000
479	-40.402683	-11.801975	activated stellate	TuPa1_Plate2_F9_S000
480	-39.5489	-11.447623	activated stellate	TuPa1_Plate2_D4_S000
481	-40.552704	-11.636728	activated stellate	TuPa1_Plate2_D12_S000
482	-42.33349	-5.7822375	activated stellate	TuPa1_Plate1_A11_S000
483	-39.985718	-12.011537	activated stellate	TuPa1_Plate2_H1_S000
484	-42.413403	-5.2927637	activated stellate	TuPa1_Plate1_F5_S000
485	-42.32635	-5.983212	activated stellate	TuPa1_Plate1_C5_S000
486	-40.98176	-9.317053	activated stellate	TuPa1_Plate1_E11_S000
487	-42.21184	-5.8894057	activated stellate	TuPa1_Plate1_A10_S000
488	-41.16171	-5.288623	activated stellate	TuPa1_Plate1_E5_S000
489	-43.841736	-3.814015	activated stellate	TuPa1_Plate1_D3_S000
490	8.333244	-3.8634136	23	TuPa3_Plate1_C6_S000
491	7.9891105	-3.0280535	23	TuPa3_Plate1_C7_S000
492	18.453794	-13.408245	21	TuPa3_Plate1_E7_S000
493	18.501726	-13.555816	21	TuPa3_Plate1_A8_S000
494	20.858839	-20.266504	21	TuPa3_Plate1_D2_S000
495	18.431555	-13.0541115	21	TuPa3_Plate1_G12_S000
496	18.948545	-12.809349	21	TuPa3_Plate1_E12_S000
497	8.756192	-3.50617	23	TuPa3_Plate1_G8_S000
498	8.632433	-4.4738493	23	TuPa3_Plate1_H3_S000
499	18.431126	-11.37182	21	TuPa3_Plate1_C4_S000
500	18.38843	-14.277313	21	TuPa3_Plate1_F3_S000
501	19.177122	-14.170234	21	TuPa3_Plate1_G5_S000
502	17.754969	-12.886061	21	TuPa3_Plate1_F1_S000
503	18.699991	-14.078366	21	TuPa3_Plate1_F6_S000
504	17.569366	-11.620968	21	TuPa3_Plate1_A6_S000
505	17.811304	-13.583852	21	TuPa3_Plate1_G9_S000
506	17.562386	-13.496501	21	TuPa3_Plate1_F7_S000
507	18.18542	-14.283906	21	TuPa3_Plate1_H1_S000
508	15.653888	-10.586635	21	TuPa3_Plate1_E1_S000
509	19.84844	-15.486381	21	TuPa3_Plate1_C1_S000
510	17.755108	-14.419626	21	TuPa3_Plate1_D5_S000
511	17.449326	-15.201716	21	TuPa3_Plate1_H4_S000
512	21.01204	-14.518204	21	TuPa6_Plate1_C11_S000
513	26.68473	-17.550446	gamma	TuPa6_Plate1_F9_S000
514	20.605585	-14.636222	21	TuPa6_Plate1_D5_S000
515	21.232378	-15.699837	21	TuPa6_Plate1_A9_S000
516	-3.334131	-15.690995	acinar	TuPa6_Plate1_C12_S000
517	20.661678	-16.244335	21	TuPa6_Plate1_C9_S000
518	-3.4435437	-20.394756	acinar	TuPa6_Plate1_C10_S000
519	20.674358	-13.8026285	21	TuPa6_Plate1_D11_S000
520	19.643393	-14.034877	21	TuPa6_Plate1_D12_S000
521	19.413603	-14.517958	21	TuPa6_Plate1_A4_S000
522	20.252232	-14.712244	21	TuPa6_Plate1_D7_S000
523	20.170448	-14.291063	21	TuPa6_Plate1_B11_S000
524	2.453246	-3.477013	22	TuPa6_Plate1_E12_S000
525	20.523813	-15.076805	21	TuPa6_Plate1_B10_S000
526	18.519287	-12.341118	21	TuPa6_Plate1_D8_S000
527	20.243952	-14.950336	21	TuPa6_Plate1_A10_S000
528	20.238491	-17.444494	21	TuPa6_Plate1_D1_S000
529	19.721823	-13.729588	21	TuPa6_Plate1_D10_S000
530	-8.808536	-12.004449	acinar	TuPa2_Plate1_C1_S000
531	-5.3471746	-17.030226	acinar	TuPa2_Plate2_H9_S000
532	-6.006366	-16.522337	acinar	TuPa2_Plate1_E2_S000
533	-5.6504664	-17.535204	acinar	TuPa2_Plate1_D1_S000
534	-5.057264	-11.74048	acinar	TuPa2_Plate2_H3_S000
535	-9.087239	-11.831406	acinar	TuPa2_Plate1_G7_S000
536	-6.2983284	-14.78015	acinar	TuPa2_Plate2_E12_S000
537	-5.7671623	-17.40302	acinar	TuPa2_Plate1_C11_S000
538	-8.588721	-12.173853	acinar	TuPa2_Plate2_B1_S000
539	-5.926068	-16.277567	acinar	TuPa2_Plate1_H11_S000
540	-5.741184	-17.760635	acinar	TuPa2_Plate1_A4_S000
541	-5.603707	-15.971663	acinar	TuPa2_Plate1_C3_S000
542	-1.4621134	-0.53443855	22	TuPa2_Plate2_F2_S000
543	-8.722593	-11.780494	acinar	TuPa2_Plate1_C7_S000
544	-5.658158	-16.060059	acinar	TuPa2_Plate1_C9_S000
545	-8.997454	-12.621478	acinar	TuPa2_Plate2_E9_S000
546	-4.3347287	-14.794673	acinar	TuPa2_Plate2_A2_S000
547	-5.6155357	-17.74916	acinar	TuPa2_Plate1_B11_S000
548	-9.015895	-12.658427	acinar	TuPa2_Plate2_H8_S000
549	-4.964314	-14.100193	acinar	TuPa2_Plate1_A6_S000
550	-4.476319	-15.40398	acinar	TuPa2_Plate1_B9_S000
551	-5.024112	-14.544102	acinar	TuPa2_Plate2_B10_S000
552	-4.715086	-17.99681	acinar	TuPa2_Plate2_F7_S000
553	-4.3621416	-17.151966	acinar	TuPa2_Plate2_B5_S000
554	-5.7702208	-14.638949	acinar	TuPa2_Plate1_H4_S000
555	-5.2337637	-17.897718	acinar	TuPa2_Plate1_G2_S000
556	-8.86783	-11.988423	acinar	TuPa2_Plate1_D6_S000
557	-6.426309	-16.066425	acinar	TuPa2_Plate2_G1_S000
558	-5.673152	-14.159356	acinar	TuPa2_Plate2_B2_S000
559	-6.446087	-17.167542	acinar	TuPa2_Plate2_B7_S000
560	-5.8104596	-16.18776	acinar	TuPa2_Plate1_C12_S000
561	-5.7120767	-15.073126	acinar	TuPa2_Plate2_F4_S000
562	-8.7279625	-12.268904	acinar	TuPa2_Plate1_C6_S000
563	-8.986444	-11.813084	acinar	TuPa2_Plate2_A3_S000
564	-5.6167974	-17.287241	acinar	TuPa2_Plate2_A8_S000
565	-5.132997	-14.66819	acinar	TuPa2_Plate1_G9_S000
566	-8.679019	-12.452076	acinar	TuPa2_Plate1_B7_S000
567	-18.264978	-1.9961687	quiescent stellate	TuPa2_Plate1_A11_S000
568	-5.3756003	-17.250206	acinar	TuPa2_Plate1_D9_S000
569	-5.865096	-17.49302	acinar	TuPa2_Plate2_C11_S000
570	-5.8389616	-15.819889	acinar	TuPa2_Plate2_E5_S000
571	-5.6645536	-14.873001	acinar	TuPa2_Plate1_H6_S000
572	-5.215662	-15.629785	acinar	TuPa2_Plate1_D10_S000
573	-5.9051943	-14.658434	acinar	TuPa2_Plate2_G2_S000
574	-6.070781	-14.9896	acinar	TuPa2_Plate2_G10_S000
575	-8.744208	-12.397493	acinar	TuPa2_Plate2_F12_S000
576	-7.6228657	-14.033959	acinar	TuPa2_Plate1_F12_S000
577	-9.033597	-12.143709	acinar	TuPa2_Plate2_G4_S000
578	-5.0137753	-18.117973	acinar	TuPa4_Plate1_A8_S000
579	-3.3506744	-17.161747	acinar	TuPa4_Plate1_G6_S000
580	-3.443403	-15.430026	acinar	TuPa4_Plate1_G3_S000
581	-3.7323298	-17.22419	acinar	TuPa4_Plate1_H7_S000
582	-5.4800696	-16.320465	acinar	TuPa4_Plate1_D4_S000
583	-4.808756	-18.27316	acinar	TuPa4_Plate1_B11_S000
584	-5.299428	-19.13291	acinar	TuPa4_Plate1_F3_S000
585	-3.761726	-16.366035	acinar	TuPa4_Plate1_G5_S000
586	-6.162286	-13.630524	acinar	TuPa4_Plate1_A9_S000
587	-2.9300869	-17.311472	acinar	TuPa4_Plate1_E4_S000
588	-4.248877	-18.52573	acinar	TuPa4_Plate1_F1_S000
589	-4.819745	-17.667885	acinar	TuPa4_Plate1_G7_S000
590	-3.9979138	-17.16992	acinar	TuPa4_Plate1_F7_S000
591	-5.1085973	-18.342182	acinar	TuPa4_Plate1_E10_S000
592	-3.6065388	-17.61579	acinar	TuPa4_Plate1_G1_S000
593	-4.29939	-17.652039	acinar	TuPa4_Plate1_C8_S000
594	-4.4188004	-11.564644	acinar	TuPa5_Plate1_D5_S000
595	-6.583136	-13.240498	acinar	TuPa5_Plate1_E1_S000
596	-5.756186	-11.890801	acinar	TuPa5_Plate1_B2_S000
597	-5.5787168	-10.982452	acinar	TuPa5_Plate1_E5_S000
598	-6.4979386	-12.7076235	acinar	TuPa5_Plate1_G4_S000
599	-6.3075647	-12.008681	acinar	TuPa5_Plate1_C9_S000
600	9.186111	-6.474961	23	TuPa5_Plate1_A12_S000
601	-5.5221305	-12.622351	acinar	TuPa5_Plate1_A11_S000
602	-6.2656074	-11.507683	acinar	TuPa5_Plate1_A2_S000
603	-5.4099374	-12.860465	acinar	TuPa5_Plate1_A3_S000
604	-5.7070003	-12.60269	acinar	TuPa5_Plate1_F1_S000
605	-6.1138678	-12.82425	acinar	TuPa5_Plate1_D2_S000
606	-7.496707	-12.3663225	acinar	TuPa5_Plate1_B11_S000
607	-6.8437543	-15.33782	acinar	TuPa5_Plate1_A7_S000
608	-6.433811	-12.233657	acinar	TuPa5_Plate1_E3_S000
609	-6.8314857	-11.875262	acinar	TuPa5_Plate1_E10_S000
610	-5.8033276	-13.348665	acinar	TuPa5_Plate1_G7_S000
611	-6.3972178	-11.370054	acinar	TuPa5_Plate1_F6_S000
612	-3.7299864	-11.973341	acinar	TuPa5_Plate1_E4_S000
613	-5.9364123	-12.527782	acinar	TuPa5_Plate1_E7_S000
614	-5.65974	-13.105669	acinar	TuPa5_Plate1_B1_S000
615	-5.357905	-12.374976	acinar	TuPa5_Plate1_D8_S000
616	-6.7659655	-13.673703	acinar	TuPa5_Plate1_G1_S000
617	-5.855446	-12.165756	acinar	TuPa5_Plate1_F2_S000
618	-5.906272	-11.69356	acinar	TuPa5_Plate1_C8_S000
619	-5.3565145	-17.255367	acinar	TuPa5_Plate1_F5_S000
620	-6.0760183	-12.569516	acinar	TuPa5_Plate1_F8_S000
621	-6.3228307	-12.81106	acinar	TuPa5_Plate1_G6_S000
622	0.49122217	-2.3317385	22	TuPa5_Plate1_D4_S000
623	-5.270213	-11.142598	acinar	TuPa5_Plate1_C1_S000
624	-27.481073	17.254778	T cell	TuPa23_P1_G7_S271
625	0.1516572	25.26119	19	TuPa23_P1_L22_S106
626	10.426041	30.829172	19	TuPa23_P1_M18_S126
627	8.953843	30.880272	19	TuPa23_P4_I9_S105
628	9.47097	25.957487	19	TuPa23_P4_H22_S94
629	8.193054	26.902626	19	TuPa23_P1_F15_S255
630	-23.96481	18.545462	T cell	TuPa23_P1_E7_S223
631	10.996876	24.881306	19	TuPa23_P4_O11_S251
632	2.4979177	24.689453	19	TuPa23_P1_H19_S7
633	0.09672731	23.612656	19	TuPa23_P1_J8_S44
634	-25.124939	19.416376	T cell	TuPa23_P1_H5_S293
635	-28.531467	19.894684	T cell	TuPa23_P4_K10_S154
636	1.3596319	15.67719	19	TuPa23_P4_K20_S164
637	7.5246954	29.31767	19	TuPa23_P1_H7_S295
638	-28.594122	19.27871	T cell	TuPa23_P4_M3_S195
639	-24.4233	17.523546	T cell	TuPa23_P4_G2_S50
640	-21.6618	17.875025	T cell	TuPa23_P4_B6_S234
641	2.4193733	21.237911	19	TuPa23_P4_H18_S90
642	0.09464038	23.214	19	TuPa23_P1_B22_S166
643	-1.1106541	26.923592	19	TuPa23_P4_K12_S156
644	3.8231263	30.065603	19	TuPa23_P1_F21_S261
645	-27.277206	18.680296	T cell	TuPa23_P1_E5_S221
646	8.489954	31.653906	19	TuPa23_P4_G17_S65
647	8.817035	31.27336	19	TuPa23_P1_F4_S244
648	-22.686531	21.566418	T cell	TuPa23_P1_F5_S245
649	7.9293385	21.419062	19	TuPa23_P1_M13_S121
650	-21.683031	16.386229	T cell	TuPa23_P1_I2_S14
651	10.324935	26.077875	19	TuPa23_P4_D12_S288
652	7.557983	23.470493	19	TuPa23_P1_O12_S168
653	5.744038	29.5786	19	TuPa23_P1_O19_S175
654	3.6174355	18.164598	19	TuPa23_P1_J21_S57
655	1.9882027	15.029093	19	TuPa23_P4_I20_S116
656	-25.007204	20.443245	T cell	TuPa23_P1_M5_S113
657	4.509567	23.039803	19	TuPa23_P1_K6_S66
658	-25.039104	17.11828	T cell	TuPa23_P1_G10_S274
659	10.371047	31.525984	19	TuPa23_P4_L9_S177
660	6.930025	28.640669	19	TuPa23_P4_N21_S237
661	-28.868938	19.958168	T cell	TuPa23_P4_H9_S81
662	4.2792964	24.389828	19	TuPa23_P1_J20_S56
663	8.868411	30.328707	19	TuPa23_P4_M14_S206
664	4.0613594	20.887783	19	TuPa23_P4_I18_S114
665	1.782702	24.238298	19	TuPa23_P4_L11_S179
666	-26.995754	17.93393	T cell	TuPa23_P1_O6_S162
667	-24.774197	20.385649	T cell	TuPa23_P4_H10_S82
668	9.116901	27.082867	19	TuPa23_P4_L21_S189
669	6.942552	30.78277	19	TuPa23_P4_O12_S252
670	-23.404865	16.686346	T cell	TuPa23_P1_I10_S22
671	0.5826129	23.519987	19	TuPa23_P1_K18_S78
672	5.0205235	18.610561	19	TuPa23_P4_J12_S132
673	8.290964	28.308565	19	TuPa23_P4_I11_S107
674	2.4243896	30.081818	19	TuPa23_P4_O18_S258
675	-0.8659335	21.15617	19	TuPa23_P4_E17_S17
676	1.850205	13.492233	23	TuPa23_P1_J9_S45
677	-29.38336	18.343954	T cell	TuPa23_P1_H8_S296
678	1.4023451	21.64222	19	TuPa23_P4_E20_S20
679	-23.264727	17.274956	T cell	TuPa23_P1_K8_S68
680	-23.00507	16.915316	T cell	TuPa23_P4_O7_S247
681	-23.606247	18.942007	T cell	TuPa23_P1_J2_S38
682	-24.582691	19.941069	T cell	TuPa23_P1_I5_S17
683	2.9827805	24.987148	19	TuPa23_P1_C19_S187
684	11.351394	28.127104	19	TuPa23_P4_H11_S83
685	-26.208801	21.77511	T cell	TuPa23_P1_O10_S166
686	4.5914464	27.780304	19	TuPa23_P1_M16_S124
687	1.5271872	27.317167	19	TuPa23_P4_L15_S183
688	6.6555724	26.92006	19	TuPa23_P1_C11_S179
689	4.034451	25.16414	19	TuPa23_P4_E22_S22
690	5.0575705	30.8623	19	TuPa23_P1_C6_S174
691	-26.669647	19.913311	T cell	TuPa23_P4_L8_S176
692	7.1799664	22.083755	19	TuPa23_P1_P14_S194
693	8.194278	29.364801	19	TuPa23_P4_K22_S166
694	5.794303	25.745396	19	TuPa23_P1_G2_S266
695	12.213769	28.1757	19	TuPa23_P4_E4_S4
696	0.07523837	24.230947	19	TuPa23_P4_L18_S186
697	4.898256	29.901672	19	TuPa23_P4_I6_S102
698	5.7475047	26.566563	19	TuPa23_P1_K2_S62
699	1.1383317	22.443945	19	TuPa23_P1_B21_S165
700	-19.166466	16.649075	T cell	TuPa23_P1_B4_S148
701	-23.101013	15.407488	T cell	TuPa23_P4_K18_S162
702	-2.369778	22.464958	19	TuPa23_P4_C15_S267
703	-23.471764	17.792074	T cell	TuPa23_P4_G7_S55
704	9.886163	31.652618	19	TuPa23_P4_K19_S163
705	-25.052935	18.413109	T cell	TuPa23_P1_D5_S197
706	-0.09687381	21.616774	19	TuPa23_P1_P1_S181
707	10.125207	25.702726	19	TuPa23_P1_F14_S254
708	-21.116194	16.969856	T cell	TuPa23_P1_E3_S219
709	6.8696885	23.76252	19	TuPa23_P1_O14_S170
710	4.3329244	19.717264	19	TuPa23_P4_J8_S128
711	4.228873	25.830914	19	TuPa23_P1_P19_S199
712	10.458097	27.30564	19	TuPa23_P1_K22_S82
713	0.24615507	21.993097	19	TuPa23_P1_M22_S130
714	-22.772783	17.507265	T cell	TuPa23_P1_M6_S114
715	0.20068027	27.524372	19	TuPa23_P1_B19_S163
716	7.5550523	31.806236	19	TuPa23_P1_G19_S283
717	5.346844	21.388699	19	TuPa23_P1_N19_S151
718	-0.38894022	21.590609	19	TuPa23_P4_E18_S18
719	0.2557398	23.854969	19	TuPa23_P1_I16_S28
720	-19.7774	17.369501	T cell	TuPa23_P4_K5_S149
721	-2.1038456	19.571552	19	TuPa23_P4_G13_S61
722	-27.334106	20.652227	T cell	TuPa23_P4_C7_S259
723	12.478583	27.716913	19	TuPa23_P4_H13_S85
724	10.137683	30.205326	19	TuPa23_P4_J22_S142
725	6.5928392	30.050201	19	TuPa23_P1_I4_S16
726	-0.18011692	25.204702	19	TuPa23_P4_E13_S13
727	-27.606016	18.737087	T cell	TuPa23_P1_J3_S39
728	3.5994513	23.174782	19	TuPa23_P1_C18_S186
729	-0.5821767	22.13309	19	TuPa23_P1_I15_S27
730	-1.557004	21.498459	19	TuPa23_P1_G16_S280
731	-3.4811902	20.916138	19	TuPa23_P1_D3_S195
732	12.722343	28.550888	19	TuPa23_P1_H13_S1
733	7.9259024	31.15784	19	TuPa23_P1_G22_S286
734	0.5618993	18.3311	19	TuPa23_P4_O16_S256
735	-28.188293	20.552774	T cell	TuPa23_P4_I10_S106
736	-24.082392	18.14958	T cell	TuPa23_P4_D19_S295
737	3.5130105	28.623545	19	TuPa23_P1_J10_S46
738	11.089236	28.29755	19	TuPa23_P4_H12_S84
739	2.6035008	22.173643	19	TuPa23_P1_M15_S123
740	0.60980475	24.437712	19	TuPa23_P1_K12_S72
741	-22.236517	16.685553	T cell	TuPa23_P4_H5_S77
742	-18.345448	15.875744	T cell	TuPa23_P1_F10_S250
743	0.528946	24.170395	19	TuPa23_P4_N13_S229
744	8.98562	32.816677	19	TuPa23_P1_E19_S235
745	10.250685	29.169466	19	TuPa23_P4_M6_S198
746	9.798856	24.954742	19	TuPa23_P1_J12_S48
747	-20.235163	17.203466	T cell	TuPa23_P1_L1_S85
748	-17.624716	16.75539	T cell	TuPa23_P4_N9_S225
749	5.307292	26.433172	19	TuPa23_P1_L11_S95
750	5.094129	31.652506	19	TuPa23_P1_G12_S276
751	-19.9564	18.7343	T cell	TuPa23_P1_A7_S127
752	-0.008319983	18.451681	19	TuPa23_P1_D16_S208
753	5.4109325	28.900053	19	TuPa23_P1_L21_S105
754	-17.638725	15.943819	T cell	TuPa23_P1_A8_S128
755	-3.0698059	28.394192	19	TuPa23_P1_O17_S173
756	-27.966644	19.10151	T cell	TuPa23_P1_E8_S224
757	11.249475	30.786898	19	TuPa23_P4_I17_S113
758	4.6249294	26.318987	19	TuPa23_P4_K14_S158
759	4.887489	24.039219	19	TuPa23_P1_G14_S278
760	-25.612047	21.089254	T cell	TuPa23_P1_M4_S112
761	3.0635407	16.729176	19	TuPa23_P1_C4_S172
762	12.490707	27.293518	19	TuPa23_P1_F7_S247
763	-0.9765035	30.466244	19	TuPa23_P1_I12_S24
764	4.1160984	25.957705	19	TuPa23_P4_D14_S290
765	3.5307057	26.919197	19	TuPa23_P1_J14_S50
766	-23.977745	19.48515	T cell	TuPa23_P4_O9_S249
767	6.195447	27.864685	19	TuPa23_P1_H17_S5
768	5.6366777	28.573833	19	TuPa23_P1_C22_S190
769	3.039971	20.033417	19	TuPa23_P1_L13_S97
770	-23.752483	18.70268	T cell	TuPa23_P4_J2_S122
771	3.4581633	26.282587	19	TuPa23_P1_B20_S164
772	11.945236	28.844584	19	TuPa23_P1_N11_S143
773	1.8105655	16.859093	19	TuPa23_P4_J6_S126
774	7.513162	26.076044	19	TuPa23_P4_I12_S108
775	9.965202	22.361153	19	TuPa23_P1_P2_S182
776	-25.830221	20.60687	T cell	TuPa23_P4_O8_S248
777	-19.162067	18.01843	T cell	TuPa23_P4_K21_S165
778	-22.536861	18.14629	T cell	TuPa23_P1_L19_S103
779	-23.516865	17.478092	T cell	TuPa23_P1_L7_S91
780	-19.163078	17.377844	T cell	TuPa23_P4_E5_S5
781	2.4234788	31.446678	19	TuPa23_P4_H3_S75
782	4.5400295	29.526121	19	TuPa23_P1_J18_S54
783	11.860879	29.599682	19	TuPa23_P4_L20_S188
784	-1.537318	18.92153	19	TuPa23_P1_M1_S109
785	5.7299795	27.646814	19	TuPa23_P4_D8_S284
786	11.762384	27.998806	19	TuPa23_P1_E17_S233
787	-1.4495285	22.101465	19	TuPa23_P4_F10_S34
788	3.2759953	25.424204	19	TuPa23_P1_N2_S134
789	11.263079	23.981457	19	TuPa23_P1_E11_S227
790	6.0478864	29.990326	19	TuPa23_P1_L18_S102
791	2.2062652	26.980242	19	TuPa23_P1_O11_S167
792	7.3414407	25.70967	19	TuPa23_P1_C14_S182
793	11.899473	26.42047	19	TuPa23_P1_K11_S71
794	1.5017015	18.965143	19	TuPa23_P4_O19_S259
795	5.220024	26.762062	19	TuPa23_P1_K21_S81
796	-27.155193	19.756565	T cell	TuPa23_P1_J19_S55
797	8.867971	24.059992	19	TuPa23_P1_M3_S111
798	-25.702032	19.834005	T cell	TuPa23_P1_I9_S21
799	-2.4412835	22.847246	19	TuPa23_P4_I21_S117
800	-27.032272	16.95184	T cell	TuPa23_P4_H2_S74
801	5.211101	20.10817	19	TuPa23_P1_F16_S256
802	1.6257416	29.421352	19	TuPa23_P1_L15_S99
803	-1.0205073	19.397532	19	TuPa23_P1_B3_S147
804	9.654963	23.97219	19	TuPa23_P1_H12_S300
805	0.23913361	28.166962	19	TuPa23_P4_F9_S33
806	-24.86985	19.356104	T cell	TuPa23_P1_L3_S87
807	-23.41672	22.39524	T cell	TuPa23_P4_D17_S293
808	-28.53268	19.989786	T cell	TuPa23_P4_H8_S80
809	2.2335718	17.373222	19	TuPa23_P1_P21_S201
810	-26.309656	18.566626	T cell	TuPa23_P4_J5_S125
811	7.871292	20.251616	19	TuPa23_P4_O13_S253
812	-28.789896	17.207241	T cell	TuPa23_P4_F7_S31
813	-28.101088	20.722965	T cell	TuPa23_P4_G10_S58
814	-26.28163	19.189497	T cell	TuPa23_P1_E4_S220
815	-23.88339	16.071959	T cell	TuPa23_P1_L2_S86
816	2.1597538	29.284903	19	TuPa23_P1_D11_S203
817	10.143746	29.850962	19	TuPa23_P4_M20_S212
818	1.3195415	20.32635	19	TuPa23_P1_G21_S285
819	-21.247633	17.792295	T cell	TuPa23_P4_E10_S10
820	-9.294785	37.357517	macrophage	TuPa23_P4_I19_S115
821	4.5644875	28.508131	19	TuPa23_P1_L17_S101
822	1.1183995	24.831522	19	TuPa23_P1_O8_S164
823	0.08367976	19.851461	19	TuPa23_P4_G16_S64
824	6.9374485	26.941208	19	TuPa23_P1_F8_S248
825	-1.3598751	20.07605	19	TuPa23_P1_O13_S169
826	6.229937	26.11116	19	TuPa23_P1_M12_S120
827	5.0976186	26.580084	19	TuPa23_P4_D21_S297
828	3.797641	25.045563	19	TuPa23_P4_F14_S38
829	0.522231	22.177126	19	TuPa23_P1_P17_S197
830	3.7828684	19.015833	19	TuPa23_P4_P9_S273
831	8.844457	21.87736	19	TuPa23_P4_M17_S209
832	0.88123703	28.534143	19	TuPa23_P4_H15_S87
833	8.220791	28.697895	19	TuPa23_P1_F9_S249
834	1.7199734	18.801483	19	TuPa23_P4_I13_S109
835	5.466815	27.979713	19	TuPa23_P1_E20_S236
836	1.712191	27.74415	19	TuPa23_P4_H6_S78
837	-23.69895	20.74388	T cell	TuPa23_P4_M8_S200
838	-10.674407	10.617991	mast	TuPa23_P1_N6_S138
839	-27.668756	16.380648	T cell	TuPa23_P4_L6_S174
840	8.285694	26.370062	19	TuPa23_P1_L12_S96
841	5.9720564	23.029303	19	TuPa23_P1_P9_S189
842	4.2770796	26.748468	19	TuPa23_P1_G17_S281
843	2.19299	16.011482	19	TuPa23_P1_E1_S217
844	6.025108	18.815691	19	TuPa23_P4_E21_S21
845	-1.9698257	22.28762	19	TuPa23_P4_H16_S88
846	-25.059156	22.153841	T cell	TuPa23_P4_N6_S222
847	-25.655287	17.747028	T cell	TuPa23_P1_M7_S115
848	-22.472599	20.09541	T cell	TuPa23_P4_K3_S147
849	2.215633	28.071146	19	TuPa23_P1_B11_S155
850	0.90505534	30.763992	19	TuPa23_P4_L7_S175
851	4.200277	17.040491	19	TuPa23_P1_O21_S177
852	2.941764	17.25509	19	TuPa23_P1_P13_S193
853	-18.421871	15.8566265	T cell	TuPa23_P1_D6_S198
854	8.16621	31.181793	19	TuPa23_P1_E22_S238
855	-24.353	17.144348	T cell	TuPa23_P4_J20_S140
856	-20.691721	16.501692	T cell	TuPa23_P1_P3_S183
857	-25.973843	19.349318	T cell	TuPa23_P1_K3_S63
858	-0.32436433	19.549103	19	TuPa23_P1_H1_S289
859	-0.060617927	24.486004	19	TuPa23_P4_E3_S3
860	-21.863619	17.397295	T cell	TuPa23_P1_L4_S88
861	8.608371	29.386225	19	TuPa23_P4_D11_S287
862	3.026368	19.432	19	TuPa23_P1_N14_S146
863	1.3908861	16.843304	19	TuPa23_P4_P11_S275
864	-25.638918	16.624771	T cell	TuPa23_P4_D22_S298
865	6.915242	28.451431	19	TuPa23_P1_H11_S299
866	-27.35207	19.23635	T cell	TuPa23_P4_I2_S98
867	2.398423	15.597612	19	TuPa23_P4_P15_S279
868	11.292016	26.514168	19	TuPa23_P1_E18_S234
869	9.946082	27.828278	19	TuPa23_P1_M11_S119
870	-20.046646	16.79218	T cell	TuPa23_P1_D10_S202
871	8.3222275	27.1145	19	TuPa23_P4_C12_S264
872	-1.2963918	27.625834	19	TuPa23_P1_C15_S183
873	0.9118337	17.56018	19	TuPa23_P4_P8_S272
874	5.882745	20.364666	19	TuPa23_P4_L17_S185
875	-23.901617	17.122911	T cell	TuPa23_P4_I7_S103
876	5.311528	25.405088	19	TuPa23_P1_B9_S153
877	5.9745097	23.537146	19	TuPa23_P1_L14_S98
878	1.6119455	25.294685	19	TuPa23_P1_N12_S144
879	3.5496666	23.613554	19	TuPa23_P1_D7_S199
880	7.017728	31.628939	19	TuPa23_P4_K2_S146
881	-22.826199	18.64824	T cell	TuPa23_P1_O3_S159
882	-25.524174	20.144072	T cell	TuPa23_P4_L5_S173
883	-19.740211	18.626272	T cell	TuPa23_P1_B7_S151
884	12.155398	25.420528	19	TuPa23_P4_M21_S213
885	-18.514065	16.48307	T cell	TuPa23_P1_M19_S127
886	-16.898258	17.259232	T cell	TuPa23_P1_K1_S61
887	3.8669794	22.06438	19	TuPa23_P1_B18_S162
888	0.44843462	20.629032	19	TuPa23_P1_P20_S200
889	2.7417917	18.720022	19	TuPa23_P4_N16_S232
890	7.665277	27.245987	19	TuPa23_P1_H4_S292
891	-19.24716	16.822704	T cell	TuPa23_P1_P8_S188
892	1.399611	19.302692	19	TuPa23_P4_C22_S274
893	2.4066281	25.908283	19	TuPa23_P1_O16_S172
894	-24.882814	18.700827	T cell	TuPa23_P4_J3_S123
895	1.9496628	22.121275	19	TuPa23_P4_C18_S270
896	1.7719935	14.891675	19	TuPa23_P4_E16_S16
897	1.4304954	26.091696	19	TuPa23_P1_F11_S251
898	8.0865345	24.026989	19	TuPa23_P1_I7_S19
899	-0.45892882	23.173	19	TuPa23_P1_P5_S185
900	-22.88431	18.627407	T cell	TuPa23_P4_O6_S246
901	-1.5399178	25.789175	19	TuPa23_P4_L10_S178
902	0.5675568	24.556524	19	TuPa23_P1_D15_S207
903	-2.13989	27.840868	19	TuPa23_P4_C13_S265
904	4.6904325	29.931719	19	TuPa23_P1_I11_S23
905	-25.77861	19.122551	T cell	TuPa23_P1_M2_S110
906	-2.3776135	21.044464	19	TuPa23_P1_K9_S69
907	-2.841354	26.447824	19	TuPa23_P4_F17_S41
908	0.6010487	21.82291	19	TuPa23_P1_I18_S30
909	10.793357	25.460983	19	TuPa23_P1_B12_S156
910	5.8566127	27.726555	19	TuPa23_P4_N12_S228
911	7.5519767	27.40871	19	TuPa23_P1_H15_S3
912	-22.973015	15.761826	T cell	TuPa23_P4_N10_S226
913	-18.454554	18.005156	T cell	TuPa23_P1_H6_S294
914	8.074135	24.86674	19	TuPa23_P4_J17_S137
915	10.107617	31.388672	19	TuPa23_P1_H3_S291
916	-3.0386934	22.018785	19	TuPa23_P4_C9_S261
917	4.1487627	26.429579	19	TuPa23_P4_G20_S68
918	6.668245	21.655914	19	TuPa23_P1_K14_S74
919	-0.06193966	22.500967	19	TuPa23_P1_C7_S175
920	4.6742096	25.088245	19	TuPa23_P1_I1_S13
921	5.3036027	27.77111	19	TuPa23_P1_H14_S2
922	-19.39463	17.09474	T cell	TuPa23_P1_N18_S150
923	8.2137785	24.8552	19	TuPa23_P4_D15_S291
924	4.7736454	26.924297	19	TuPa23_P1_N7_S139
925	2.931221	26.489109	19	TuPa23_P1_H16_S4
926	4.843744	26.925566	19	TuPa23_P1_F20_S260
927	8.5749	27.708975	19	TuPa23_P4_M11_S203
928	-19.91123	17.318554	T cell	TuPa23_P4_K6_S150
929	0.4993147	17.033134	19	TuPa23_P1_P22_S202
930	7.038594	26.38947	19	TuPa23_P1_E6_S222
931	-2.5711217	23.759314	19	TuPa23_P4_J11_S131
932	2.8460948	29.83167	19	TuPa23_P4_G15_S63
933	-23.478106	21.207584	T cell	TuPa23_P1_G3_S267
934	3.2414432	25.959255	19	TuPa23_P1_B10_S154
935	2.7663043	25.322815	19	TuPa23_P1_B14_S158
936	-0.62255216	20.37036	19	TuPa23_P1_P18_S198
937	-18.566708	16.120678	T cell	TuPa23_P4_F8_S32
938	5.915541	24.873888	19	TuPa23_P4_F6_S30
939	1.281088	17.738365	19	TuPa23_P1_J6_S42
940	6.724384	25.550667	19	TuPa23_P4_O15_S255
941	-20.91927	15.920823	T cell	TuPa23_P4_L19_S187
942	7.1596365	28.044033	19	TuPa23_P1_O15_S171
943	3.1223743	17.852753	19	TuPa23_P4_N7_S223
944	-1.6398386	21.421618	19	TuPa23_P1_E2_S218
945	-28.698296	18.307796	T cell	TuPa23_P4_B8_S236
946	-0.41296527	17.568567	19	TuPa23_P1_A11_S131
947	-25.028267	19.571882	T cell	TuPa23_P1_C3_S171
948	-18.182983	16.378721	T cell	TuPa23_P1_N22_S154
949	-28.492914	19.276083	T cell	TuPa23_P4_F4_S28
950	1.1529443	24.943556	19	TuPa23_P1_J13_S49
951	8.231799	25.52488	19	TuPa23_P4_N19_S235
952	9.959449	26.60834	19	TuPa23_P4_K11_S155
953	-23.81552	17.879957	T cell	TuPa23_P1_M8_S116
954	-29.306318	20.525572	T cell	TuPa23_P1_H9_S297
955	-0.4244677	26.135262	19	TuPa23_P4_F22_S46
956	3.7249727	29.443954	19	TuPa23_P1_G20_S284
957	7.4716005	26.985035	19	TuPa23_P1_B13_S157
958	7.885553	31.006548	19	TuPa23_P1_N20_S152
959	-28.697584	18.713284	T cell	TuPa23_P4_H4_S76
960	5.3118715	29.204935	19	TuPa23_P1_B17_S161
961	0.58579046	26.791708	19	TuPa23_P4_D13_S289
962	4.612134	27.264977	19	TuPa23_P1_D20_S212
963	6.1815205	26.307138	19	TuPa23_P4_K16_S160
964	1.6425045	18.22257	19	TuPa23_P1_L6_S90
965	0.82781047	23.429659	19	TuPa23_P4_H17_S89
966	4.6127243	25.695368	19	TuPa23_P4_J21_S141
967	-21.877556	18.967546	T cell	TuPa23_P1_E9_S225
968	-0.6617771	25.244312	19	TuPa23_P4_F12_S36
969	2.9373782	22.299921	19	TuPa23_P1_E14_S230
970	-0.66724384	23.41516	19	TuPa23_P1_N21_S153
971	8.771777	27.341448	19	TuPa23_P1_F12_S252
972	8.119176	24.461048	19	TuPa23_P4_C11_S263
973	11.863494	30.161499	19	TuPa23_P4_G18_S66
974	-1.4246987	20.425982	19	TuPa23_P1_O5_S161
975	-22.026985	17.907108	T cell	TuPa23_P4_E9_S9
976	-1.1713021	24.262836	19	TuPa23_P4_E19_S19
977	2.384377	23.454868	19	TuPa23_P1_B15_S159
978	-19.087196	17.591913	T cell	TuPa23_P1_A9_S129
979	-27.650398	20.328129	T cell	TuPa23_P4_H7_S79
980	-21.050558	17.60643	T cell	TuPa23_P1_P10_S190
981	8.471583	30.353664	19	TuPa23_P1_H18_S6
982	4.748243	28.81458	19	TuPa23_P4_O17_S257
983	-26.913717	21.574064	T cell	TuPa23_P1_K5_S65
984	0.18097225	19.238232	19	TuPa23_P4_M19_S211
985	-26.644543	22.112806	T cell	TuPa23_P1_P6_S186
986	-1.8528885	25.460344	19	TuPa23_P1_P12_S192
987	3.5454273	27.174816	19	TuPa23_P1_B16_S160
988	9.309296	24.45386	19	TuPa23_P1_C13_S181
989	9.187873	28.782059	19	TuPa23_P1_J15_S51
990	-25.77609	18.740458	T cell	TuPa23_P4_G8_S56
991	-21.89831	20.472555	T cell	TuPa23_P1_B2_S146
992	-25.163254	17.053823	T cell	TuPa23_P1_D17_S209
993	8.439287	-1.0625741	23	TuPa23_P4_D7_S283
994	6.396022	30.510416	19	TuPa23_P1_O20_S176
995	-28.122913	18.997646	T cell	TuPa23_P1_G1_S265
996	-24.863792	17.271318	T cell	TuPa23_P1_C10_S178
997	-19.609388	16.474745	T cell	TuPa23_P4_G5_S53
998	-3.0629923	24.163803	19	TuPa23_P1_J22_S58
999	3.7394793	19.899183	19	TuPa23_P1_D12_S204
1000	-19.099874	15.70273	T cell	TuPa23_P1_K10_S70
1001	-26.392206	17.423632	T cell	TuPa23_P1_N10_S142
1002	-9.090188	37.939358	macrophage	TuPa23_P1_I20_S32
1003	2.5663316	30.277544	19	TuPa23_P4_H20_S92
1004	10.108275	27.563473	19	TuPa23_P4_L12_S180
1005	5.7708316	24.140549	19	TuPa23_P4_M18_S210
1006	-18.803736	16.825315	T cell	TuPa23_P1_N3_S135
1007	11.41384	25.68676	19	TuPa23_P4_J18_S138
1008	8.989848	26.166475	19	TuPa23_P1_F2_S242
1009	10.63058	28.927814	19	TuPa23_P1_N13_S145
1010	2.4799616	23.117662	19	TuPa23_P1_C21_S189
1011	10.567543	23.358835	19	TuPa23_P1_L20_S104
1012	2.050402	15.280835	19	TuPa23_P4_K15_S159
1013	-1.989689	24.2441	19	TuPa23_P1_K13_S73
1014	0.6265231	20.54179	19	TuPa23_P4_O20_S260
1015	9.462841	22.717953	19	TuPa23_P1_J16_S52
1016	-22.076426	17.311087	T cell	TuPa23_P4_G4_S52
1017	-23.761831	18.939997	T cell	TuPa23_P4_E8_S8
1018	3.1574428	27.4023	19	TuPa23_P1_H20_S8
1019	-22.563019	19.210861	T cell	TuPa23_P4_J9_S129
1020	11.4415655	27.416277	19	TuPa23_P4_G21_S69
1021	-21.605078	-26.764856	B cell	TuPa23_P1_F13_S253
1022	8.259247	30.212896	19	TuPa23_P1_G18_S282
1023	1.8444829	26.443317	19	TuPa23_P4_I22_S118
1024	2.4901433	19.567984	19	TuPa23_P1_C16_S184
1025	-23.01564	20.367216	T cell	TuPa23_P1_L10_S94
1026	-1.061326	23.33397	19	TuPa23_P1_M20_S128
1027	6.9672623	22.994638	19	TuPa23_P1_E12_S228
1028	-26.938913	19.308874	T cell	TuPa23_P1_M21_S129
1029	-0.69014406	23.137224	19	TuPa23_P1_H21_S9
1030	9.968858	20.81146	19	TuPa23_P4_K4_S148
1031	-18.055141	16.223408	T cell	TuPa23_P4_P10_S274
1032	5.446652	32.736576	19	TuPa23_P1_N17_S149
1033	-24.5904	20.432364	T cell	TuPa23_P1_C2_S170
1034	-20.762875	18.11143	T cell	TuPa23_P4_C10_S262
1035	-30.695724	19.253258	T cell	TuPa23_P1_O7_S163
1036	1.3610374	18.271984	19	TuPa23_P4_N18_S234
1037	-24.180458	17.954323	T cell	TuPa23_P4_D9_S285
1038	-26.471664	19.60798	T cell	TuPa23_P1_L8_S92
1039	3.038114	28.568436	19	TuPa23_P4_K7_S151
1040	-20.863865	17.354021	T cell	TuPa23_P1_D4_S196
1041	-23.508476	19.406204	T cell	TuPa23_P1_H22_S10
1042	10.583711	23.846527	19	TuPa23_P4_L16_S184
1043	7.2817354	28.067608	19	TuPa23_P1_E13_S229
1044	6.5852513	31.620523	19	TuPa23_P4_M13_S205
1045	9.230494	28.908583	19	TuPa23_P4_L13_S181
1046	9.421354	27.38907	19	TuPa23_P1_K16_S76
1047	-24.694418	21.247656	T cell	TuPa23_P4_F3_S27
1048	2.4703715	27.174398	19	TuPa23_P4_E6_S6
1049	0.7172359	23.845089	19	TuPa23_P1_K20_S80
1050	-7.862943	37.2902	macrophage	TuPa23_P4_D10_S286
1051	3.8286917	23.49888	19	TuPa23_P4_H19_S91
1052	8.491518	21.900347	19	TuPa23_P4_C16_S268
1053	1.8558885	25.794554	19	TuPa23_P4_F11_S35
1054	8.7963295	25.150286	19	TuPa23_P1_N15_S147
1055	12.439906	28.139992	19	TuPa23_P4_G19_S67
1056	-24.371193	18.051924	T cell	TuPa23_P4_I4_S100
1057	12.597155	26.53411	19	TuPa23_P4_G22_S70
1058	6.0294833	23.377958	19	TuPa23_P1_K15_S75
1059	0.86485493	21.262903	19	TuPa23_P1_C20_S188
1060	12.716716	29.477396	plasmablast	TuPa23_P1_D14_S206
1061	1.5066258	17.57495	19	TuPa23_P4_J4_S124
1062	3.9115942	28.310442	19	TuPa23_P4_K9_S153
1063	0.030470006	19.139774	19	TuPa23_P1_D18_S210
1064	7.8316016	32.875217	19	TuPa23_P1_I19_S31
1065	10.678213	26.512735	19	TuPa23_P4_M12_S204
1066	-23.759407	16.66813	T cell	TuPa23_P4_C8_S260
1067	-24.331282	18.749985	T cell	TuPa23_P4_G3_S51
1068	10.403891	27.765198	19	TuPa23_P1_L5_S89
1069	-27.621304	19.93863	T cell	TuPa23_P1_M9_S117
1070	10.737257	27.489397	19	TuPa23_P4_E14_S14
1071	-0.9620633	22.682362	19	TuPa23_P4_J19_S139
1072	9.439902	27.91798	19	TuPa23_P4_M5_S197
1073	-27.845633	18.151274	T cell	TuPa23_P1_N9_S141
1074	7.495725	30.63851	19	TuPa23_P1_H10_S298
1075	-25.63581	20.149145	T cell	TuPa23_P1_N4_S136
1076	9.368749	26.81666	19	TuPa23_P1_L9_S93
1077	-1.7021608	22.818014	19	TuPa23_P1_D13_S205
1078	7.4077916	28.837755	19	TuPa23_P1_M14_S122
1079	-23.666607	16.008722	T cell	TuPa23_P4_K8_S152
1080	-27.38828	21.436335	T cell	TuPa23_P4_E7_S7
1081	4.7857265	22.536354	19	TuPa23_P1_P11_S191
1082	1.6995858	21.346632	19	TuPa23_P4_O14_S254
1083	13.424187	29.020063	19	TuPa23_P1_F18_S258
1084	1.7495359	14.08077	T cell	TuPa23_P1_H2_S290
1085	11.067349	28.541853	19	TuPa23_P1_G15_S279
1086	1.7552422	22.341072	19	TuPa23_P1_B8_S152
1087	0.84090436	29.822054	19	TuPa23_P4_F15_S39
1088	0.4195397	22.697906	19	TuPa23_P1_N16_S148
1089	-20.627546	17.262405	T cell	TuPa23_P1_O18_S174
1090	-25.619356	19.049578	T cell	TuPa23_P4_F5_S29
1091	-18.543024	16.889317	T cell	TuPa23_P1_D9_S201
1092	0.6258313	25.8543	19	TuPa23_P1_C12_S180
1093	3.3725595	21.130745	19	TuPa23_P1_I13_S25
1094	-0.18800321	29.130888	19	TuPa23_P4_I15_S111
1095	-0.26116005	21.067392	19	TuPa23_P1_F3_S243
1096	2.666587	18.432432	19	TuPa23_P4_N14_S230
1097	3.774166	31.091969	19	TuPa23_P1_J11_S47
1098	7.156797	24.924826	19	TuPa23_P4_M7_S199
1099	11.274856	29.05322	19	TuPa23_P1_G13_S277
1100	7.252133	24.314552	19	TuPa23_P4_F13_S37
1101	-0.58178705	21.581821	19	TuPa23_P4_E11_S11
1102	-21.539812	17.522972	T cell	TuPa23_P1_O9_S165
1103	0.92074263	25.196589	19	TuPa23_P1_I14_S26
1104	1.7809509	20.483208	19	TuPa23_P4_N20_S236
1105	-17.946356	16.802956	T cell	TuPa23_P4_N4_S220
1106	2.0578988	21.16019	19	TuPa23_P1_D1_S193
1107	-22.628057	16.264046	T cell	TuPa23_P1_I3_S15
1108	-20.128275	18.34189	T cell	TuPa23_P4_O5_S245
1109	-26.11443	20.58047	T cell	TuPa23_P4_L3_S171
1110	-20.569225	18.259636	T cell	TuPa23_P1_C8_S176
1111	-0.24409351	22.859266	19	TuPa23_P1_M17_S125
1112	4.55429	24.187624	19	TuPa23_P4_N11_S227
1113	4.3842406	21.750355	19	TuPa23_P1_D22_S214
1114	-0.016422046	17.9556	19	TuPa23_P1_A10_S130
1115	3.5682433	32.18456	19	TuPa23_P4_N17_S233
1116	7.2855673	24.524605	19	TuPa23_P4_C14_S266
1117	-0.25603327	20.403975	19	TuPa23_P1_J17_S53
1118	-1.2316731	23.431541	19	TuPa23_P4_I16_S112
1119	6.9336805	23.521267	19	TuPa23_P4_M15_S207
1120	9.965448	28.466934	19	TuPa23_P1_E16_S232
1121	1.9957972	14.406739	23	TuPa23_P1_A12_S132
1122	2.2998135	17.7207	19	TuPa23_P1_B5_S149
1123	3.413188	27.911352	19	TuPa23_P1_G11_S275
1124	4.895024	27.664314	19	TuPa23_P1_D19_S211
1125	0.40333393	28.332603	19	TuPa23_P4_I14_S110
1126	1.5798358	23.402641	19	TuPa23_P1_G4_S268
1127	-24.13638	22.354181	T cell	TuPa23_P4_F18_S42
1128	-24.798199	18.816029	T cell	TuPa23_P1_F6_S246
1129	9.942529	27.297905	19	TuPa23_P4_G6_S54
1130	6.8774505	27.422138	19	TuPa23_P4_F20_S44
1131	-25.48642	19.679989	T cell	TuPa23_P1_E10_S226
1132	6.087895	29.164963	19	TuPa23_P1_E21_S237
1133	-23.261946	17.87303	T cell	TuPa23_P1_K4_S64
1134	-1.7306485	23.54953	19	TuPa23_P1_I21_S33
1135	-26.21522	20.392408	T cell	TuPa23_P4_B9_S237
1136	-26.220846	18.727774	T cell	TuPa23_P1_G9_S273
1137	-26.888334	19.491516	T cell	TuPa23_P1_P7_S187
1138	3.0663922	24.52345	19	TuPa23_P4_L14_S182
1139	0.8063095	21.220901	19	TuPa23_P4_C21_S273
1140	7.7764955	-1.8197197	23	TuPa23_P4_D18_S294
1141	-21.837996	18.90222	T cell	TuPa23_P4_L4_S172
1142	-1.9006981	21.866947	19	TuPa23_P4_M16_S208
1143	3.6114233	22.509354	19	TuPa23_P4_K17_S161
1144	-14.681846	-35.339092	nonclassical monocyte	TuPa27_Plate1_P23_S274
1145	-15.156682	-36.48895	nonclassical monocyte	TuPa27_Plate1_K14_S150
1146	-13.068329	-34.792747	nonclassical monocyte	TuPa27_Plate1_A14_S220
1147	-5.936914	-19.503601	acinar	TuPa27_Plate1_J12_S125
1148	-13.357855	-35.425457	nonclassical monocyte	TuPa27_Plate1_E12_S10
1149	-14.85954	-36.406788	nonclassical monocyte	TuPa27_Plate1_K16_S152
1150	-13.459179	-35.366177	nonclassical monocyte	TuPa27_Plate1_G12_S56
1151	-14.328586	-33.54919	nonclassical monocyte	TuPa27_Plate1_A18_S224
1152	-16.471214	-36.86746	nonclassical monocyte	TuPa27_Plate1_M20_S202
1153	-15.920627	-37.450417	nonclassical monocyte	TuPa27_Plate1_M19_S201
1154	-13.149807	-35.40052	nonclassical monocyte	TuPa27_Plate1_C22_S274
1155	-6.9190235	-20.950985	acinar	TuPa27_Plate1_N23_S228
1156	-15.354719	-36.76411	nonclassical monocyte	TuPa27_Plate1_M16_S198
1157	-5.546361	-20.37198	acinar	TuPa27_Plate1_F15_S36
1158	-6.007372	-19.41799	acinar	TuPa27_Plate1_L13_S172
1159	-5.2009225	-19.491028	acinar	TuPa27_Plate1_D15_S290
1160	-15.954659	-36.189465	nonclassical monocyte	TuPa27_Plate1_K18_S154
1161	-13.918782	-35.201504	nonclassical monocyte	TuPa27_Plate1_G23_S67
1162	-19.373425	-42.155586	classical monocyte	TuPa27_Plate1_H7_S74
1163	-14.311373	-35.768696	nonclassical monocyte	TuPa27_Plate1_I20_S110
1164	-13.656457	-34.31036	nonclassical monocyte	TuPa27_Plate1_E18_S16
1165	-5.363548	-20.749216	acinar	TuPa27_Plate1_H18_S85
1166	-12.835299	-35.281982	nonclassical monocyte	TuPa27_Plate1_A16_S222
1167	-14.986652	-37.79046	nonclassical monocyte	TuPa27_Plate1_O20_S248
1168	-15.561941	-37.10418	nonclassical monocyte	TuPa27_Plate1_M17_S199
1169	-14.902153	-36.436172	nonclassical monocyte	TuPa27_Plate1_I12_S102
1170	-15.216424	-36.80664	nonclassical monocyte	TuPa27_Plate1_K19_S155
1171	-13.553287	-34.9181	nonclassical monocyte	TuPa27_Plate1_C13_S265
1172	-14.312807	-33.720203	nonclassical monocyte	TuPa27_Plate1_E23_S21
1173	-15.285692	-36.723095	nonclassical monocyte	TuPa27_Plate1_K20_S156
1174	-12.911639	-35.21559	nonclassical monocyte	TuPa27_Plate1_C21_S273
1175	-15.713681	-37.08212	nonclassical monocyte	TuPa27_Plate1_M18_S200
1176	-15.520976	-35.879623	nonclassical monocyte	TuPa27_Plate1_I14_S104
1177	-15.139747	-37.62874	nonclassical monocyte	TuPa27_Plate1_M13_S195
1178	-13.527144	-35.198753	nonclassical monocyte	TuPa27_Plate1_G17_S61
1179	-15.523549	-34.241776	nonclassical monocyte	TuPa27_Plate1_E19_S17
1180	-14.482715	-35.913593	nonclassical monocyte	TuPa27_Plate1_I13_S103
1181	-5.8514714	-20.94694	acinar	TuPa27_Plate1_L15_S174
1182	-14.878998	-36.558475	nonclassical monocyte	TuPa27_Plate1_K12_S148
1183	-12.936933	-35.16456	nonclassical monocyte	TuPa27_Plate1_C20_S272
1184	-14.836925	-37.713364	nonclassical monocyte	TuPa27_Plate1_I15_S105
1185	-14.8574095	-34.211052	nonclassical monocyte	TuPa27_Plate1_P17_S268
1186	-15.285817	-36.14832	nonclassical monocyte	TuPa27_Plate1_K17_S153
1187	-13.545802	-35.04314	nonclassical monocyte	TuPa27_Plate1_G16_S60
1188	-15.6397295	-35.013973	nonclassical monocyte	TuPa27_Plate1_P21_S272
1189	-15.094627	-33.94807	nonclassical monocyte	TuPa27_Plate1_I19_S109
1190	-13.364806	-35.23599	nonclassical monocyte	TuPa27_Plate1_E13_S11
1191	-8.671984	-23.685177	acinar	TuPa27_Plate1_C23_S275
1192	-15.25885	-37.613457	nonclassical monocyte	TuPa27_Plate1_O17_S245
1193	-14.104474	-35.75386	nonclassical monocyte	TuPa27_Plate1_G21_S65
1194	-16.50945	-35.90382	nonclassical monocyte	TuPa27_Plate1_P20_S271
1195	-12.559329	-34.85835	nonclassical monocyte	TuPa27_Plate1_G14_S58
1196	-14.105956	-33.665485	nonclassical monocyte	TuPa27_Plate1_E14_S12
1197	-15.514886	-35.12921	nonclassical monocyte	TuPa27_Plate1_P22_S273
1198	-14.807157	-36.50195	nonclassical monocyte	TuPa27_Plate1_I22_S112
1199	-15.47501	-37.344093	nonclassical monocyte	TuPa27_Plate1_K21_S157
1200	-6.2366695	-18.495752	acinar	TuPa27_Plate1_D22_S297
1201	-13.094526	-34.878033	nonclassical monocyte	TuPa27_Plate1_C17_S269
1202	-14.39467	-33.140675	nonclassical monocyte	TuPa27_Plate1_P18_S269
1203	-14.134301	-35.642838	nonclassical monocyte	TuPa27_Plate1_I21_S111
1204	-16.030556	-37.07266	nonclassical monocyte	TuPa27_Plate1_M14_S196
1205	-15.337598	-36.716717	nonclassical monocyte	TuPa27_Plate1_K13_S149
1206	-14.801602	-33.66179	nonclassical monocyte	TuPa27_Plate1_A20_S226
1207	-13.556278	-35.12074	nonclassical monocyte	TuPa27_Plate1_G20_S64
1208	-16.09935	-37.224823	nonclassical monocyte	TuPa27_Plate1_K22_S158
1209	-15.640443	-37.09414	nonclassical monocyte	TuPa27_Plate1_M21_S203
1210	-16.214039	-37.918137	nonclassical monocyte	TuPa27_Plate1_O19_S247
1211	-15.593634	-37.17194	nonclassical monocyte	TuPa27_Plate1_M22_S204
1212	-3.197147	-5.244344	22	TuPa29_Plate1_L4_S165
1213	-4.3920574	-4.75601	22	TuPa29_Plate1_L15_S176
1214	2.6670065	-1.4758279	22	TuPa29_Plate1_H12_S81
1215	6.4161916	-4.4350476	23	TuPa29_Plate1_O23_S253
1216	-20.093105	-9.814092	delta	TuPa29_Plate1_J5_S120
1217	-0.93722576	-2.3430371	22	TuPa29_Plate1_P11_S264
1218	-17.18062	-1.881746	quiescent stellate	TuPa29_Plate1_N7_S214
1219	-20.404778	-9.880443	delta	TuPa29_Plate1_P4_S257
1220	-3.0686176	-8.101205	22	TuPa29_Plate1_I15_S107
1221	-20.459442	-9.630899	delta	TuPa29_Plate1_B21_S252
1222	-19.87132	-9.782842	delta	TuPa29_Plate1_D3_S280
1223	8.533485	-1.5113828	23	TuPa29_Plate1_H9_S78
1224	-20.731617	-9.729017	delta	TuPa29_Plate1_F9_S32
1225	9.13008	-1.8422245	23	TuPa29_Plate1_K20_S158
1226	0.9621985	-3.0855064	22	TuPa29_Plate1_A6_S214
1227	-2.5204198	-6.361606	22	TuPa29_Plate1_J12_S127
1228	-16.860722	-2.3126118	quiescent stellate	TuPa29_Plate1_J18_S133
1229	-0.11945513	-1.4105982	22	TuPa29_Plate1_I3_S95
1230	7.9824653	-1.8545319	23	TuPa29_Plate1_N1_S208
1231	-2.5775442	-8.279434	22	TuPa29_Plate1_B10_S241
1232	0.61480683	-1.568722	22	TuPa29_Plate1_P2_S255
1233	-17.151987	-2.130477	quiescent stellate	TuPa29_Plate1_F21_S44
1234	1.6260006	-1.1805292	22	TuPa29_Plate1_I19_S111
1235	-18.051304	-2.4261417	quiescent stellate	TuPa29_Plate1_A4_S212
1236	-3.8076203	-7.3113437	22	TuPa29_Plate1_D20_S297
1237	-0.7482425	-2.8068044	22	TuPa29_Plate1_M10_S194
1238	-20.361738	-9.76284	delta	TuPa29_Plate1_H3_S72
1239	-3.6557567	-5.511832	22	TuPa29_Plate1_I18_S110
1240	-17.530651	-2.0901322	quiescent stellate	TuPa29_Plate1_J1_S116
1241	-4.666093	-6.1934204	22	TuPa29_Plate1_H11_S80
1242	-1.2389027	-1.563876	22	TuPa29_Plate1_P12_S265
1243	-2.1525717	-6.7731442	22	TuPa29_Plate1_B23_S254
1244	-20.058056	-9.994593	delta	TuPa29_Plate1_D5_S282
1245	1.6475885	-2.308245	22	TuPa29_Plate1_I4_S96
1246	-2.6954784	-5.836255	22	TuPa29_Plate1_B13_S244
1247	-20.361736	-9.762841	delta	TuPa29_Plate1_D18_S295
1248	-6.2090087	-10.390264	acinar	TuPa29_Plate1_N15_S222
1249	2.3068218	-1.2417325	22	TuPa29_Plate1_P18_S271
1250	-17.030792	-1.9525521	quiescent stellate	TuPa29_Plate1_B17_S248
1251	-17.320822	-2.170512	quiescent stellate	TuPa29_Plate1_I13_S105
1252	-3.8573837	-4.96566	22	TuPa29_Plate1_I9_S101
1253	-16.235468	15.228206	T cell	TuPa29_Plate1_M22_S206
1254	-7.716391	-10.619579	acinar	TuPa29_Plate1_F12_S35
1255	-3.5545266	-8.37108	22	TuPa29_Plate1_F5_S28
1256	-2.3741264	-8.115817	22	TuPa29_Plate1_H13_S82
1257	-2.5835984	-4.8464007	22	TuPa29_Plate1_P17_S270
1258	0.34900218	-2.3492172	22	TuPa29_Plate1_M17_S201
1259	-17.913578	-2.1978338	quiescent stellate	TuPa29_Plate1_L8_S169
1260	-3.8228433	-4.405014	22	TuPa29_Plate1_I14_S106
1261	-3.531658	-7.4549465	22	TuPa29_Plate1_K5_S143
1262	-16.40571	-2.2151337	quiescent stellate	TuPa29_Plate1_M1_S185
1263	-19.926245	-9.703114	delta	TuPa29_Plate1_E19_S19
1264	8.052877	23.929651	19	TuPa29_Plate1_C2_S256
1265	-1.6110101	-2.7357547	22	TuPa29_Plate1_O15_S245
1266	6.835126	19.371862	19	TuPa29_Plate1_I20_S112
1267	-4.9543977	-6.817816	22	TuPa29_Plate1_B7_S238
1268	-3.2242525	-4.138128	22	TuPa29_Plate1_D7_S284
1269	-3.5191033	-5.5409303	22	TuPa29_Plate1_A9_S217
1270	-19.902708	-9.838133	delta	TuPa29_Plate1_C21_S275
1271	-2.1852472	-2.8342798	22	TuPa29_Plate1_C8_S262
1272	-0.5966775	-2.1595328	22	TuPa29_Plate1_J21_S136
1273	-3.0480602	-6.001829	22	TuPa29_Plate1_B4_S235
1274	-1.6641846	-2.4174306	22	TuPa29_Plate1_M19_S203
1275	7.482273	-2.2658706	23	TuPa29_Plate1_E4_S4
1276	-2.4494011	-5.333928	22	TuPa29_Plate1_A11_S219
1277	-3.2736392	-6.425946	22	TuPa29_Plate1_M5_S189
1278	-3.6137326	-6.4436183	22	TuPa29_Plate1_K12_S150
1279	-20.348076	-9.3322525	delta	TuPa29_Plate1_G15_S61
1280	-19.342518	-9.018334	delta	TuPa29_Plate1_P7_S260
1281	-1.6090449	-6.1902046	22	TuPa29_Plate1_G14_S60
1282	-2.6775799	-1.7186155	22	TuPa29_Plate1_C19_S273
1283	-29.89404	17.223242	T cell	TuPa29_Plate1_M11_S195
1284	-4.446296	-7.290557	22	TuPa29_Plate1_B9_S240
1285	-5.3053575	-6.840027	22	TuPa29_Plate1_C14_S268
1286	-0.5810429	-2.1323752	22	TuPa29_Plate1_L16_S177
1287	-19.184795	-9.690158	delta	TuPa29_Plate1_I7_S99
1288	-4.867713	-5.6521378	22	TuPa29_Plate1_K15_S153
1289	-2.1922367	-5.969422	22	TuPa29_Plate1_C5_S259
1290	5.138659	-2.2843049	22	TuPa29_Plate1_F10_S33
1291	-0.93500054	-1.8391111	22	TuPa29_Plate1_L20_S181
1292	-2.3542147	-6.3040867	22	TuPa29_Plate1_B15_S246
1293	2.0591433	-0.15193395	22	TuPa29_Plate1_H20_S89
1294	-20.23229	-10.175543	delta	TuPa29_Plate1_K9_S147
1295	-15.9437065	-1.5609986	quiescent stellate	TuPa29_Plate1_N13_S220
1296	4.3394423	-2.6025355	22	TuPa29_Plate1_M8_S192
1297	7.084745	-2.0813875	23	TuPa29_Plate1_P22_S275
1298	-19.955574	-9.814401	delta	TuPa29_Plate1_J15_S130
1299	-5.764681	-7.62531	22	TuPa29_Plate1_A2_S210
1300	-4.2505245	-3.455605	22	TuPa29_Plate1_F4_S27
1301	-3.918131	-7.2208624	22	TuPa29_Plate1_E21_S21
1302	-3.9590957	-6.0469785	22	TuPa29_Plate1_F1_S24
1303	-3.0186749	-4.698079	22	TuPa29_Plate1_K18_S156
1304	-4.648522	-8.8321905	acinar	TuPa29_Plate1_J14_S129
1305	-2.0030308	-8.083954	22	TuPa29_Plate1_C16_S270
1306	-20.114674	-9.7919035	delta	TuPa29_Plate1_B19_S250
1307	-0.9461339	-2.465194	22	TuPa29_Plate1_I1_S93
1308	9.343835	-1.2917712	23	TuPa29_Plate1_B20_S251
1309	-20.264996	-9.5364	delta	TuPa29_Plate1_E13_S13
1310	-2.0538874	-8.850594	22	TuPa29_Plate1_B5_S236
1311	0.6868253	-1.6044383	22	TuPa29_Plate1_H5_S74
1312	-17.73292	-2.1449642	quiescent stellate	TuPa29_Plate1_L12_S173
1313	2.3538806	-0.71623343	22	TuPa29_Plate1_P21_S274
1314	-2.900064	-7.889271	22	TuPa29_Plate1_E5_S5
1315	-19.031734	-2.2204986	quiescent stellate	TuPa29_Plate1_C17_S271
1316	-2.9537485	-6.5006456	22	TuPa29_Plate1_G11_S57
1317	-16.75715	-2.2976272	quiescent stellate	TuPa29_Plate1_I22_S114
1318	-1.2627754	-2.3987117	22	TuPa29_Plate1_H14_S83
1319	-1.640051	-7.0383916	22	TuPa29_Plate1_E22_S22
1320	0.0052625923	-0.834285	22	TuPa29_Plate1_P16_S269
1321	-1.6946094	-5.4460683	22	TuPa29_Plate1_M6_S190
1322	8.834948	-2.5665407	23	TuPa29_Plate1_P10_S263
1323	-1.7399834	-1.3499925	22	TuPa29_Plate1_O21_S251
1324	-16.918411	-2.1676986	quiescent stellate	TuPa29_Plate1_J11_S126
1325	1.092817	-2.056417	22	TuPa29_Plate1_J20_S135
1326	1.1836684	-1.0857412	22	TuPa29_Plate1_H23_S92
1327	-3.3126442	-5.910665	22	TuPa29_Plate1_K17_S155
1328	2.0685203	-1.2298355	22	TuPa29_Plate1_M3_S187
1329	-4.5699735	-7.6940613	22	TuPa29_Plate1_C15_S269
1330	-1.2511545	-2.0991533	22	TuPa29_Plate1_M14_S198
1331	-10.869133	11.335933	mast	TuPa29_Plate1_K4_S142
1332	-17.860374	-1.9388943	quiescent stellate	TuPa29_Plate1_L7_S168
1333	0.74010885	-0.79976064	22	TuPa29_Plate1_G22_S68
1334	-19.748451	-9.657264	delta	TuPa29_Plate1_N10_S217
1335	-2.7885802	-2.5637624	22	TuPa29_Plate1_K8_S146
1336	-3.4532433	-6.093409	22	TuPa29_Plate1_J16_S131
1337	-1.913768	-3.5537395	22	TuPa29_Plate1_B12_S243
1338	-2.7332585	-8.176504	22	TuPa29_Plate1_B14_S245
1339	-1.9434143	-7.8825994	22	TuPa29_Plate1_H19_S88
1340	-4.1302276	-4.9292083	22	TuPa29_Plate1_N9_S216
1341	-1.2666603	-2.1981921	22	TuPa29_Plate1_N16_S223
1342	-3.3975854	-5.4667444	22	TuPa29_Plate1_I11_S103
1343	-3.0902443	-3.3227198	22	TuPa29_Plate1_O11_S241
1344	-2.142746	-4.40335	22	TuPa29_Plate1_P9_S262
1345	-2.1884675	-3.6643395	22	TuPa29_Plate1_F11_S34
1346	-20.151354	-10.197762	delta	TuPa29_Plate1_A14_S222
1347	-4.2929087	-6.0052276	22	TuPa29_Plate1_K13_S151
1348	-4.071373	-4.59146	22	TuPa29_Plate1_E2_S2
1349	-20.459991	-10.188718	delta	TuPa29_Plate1_E6_S6
1350	-17.118357	-1.9628898	quiescent stellate	TuPa29_Plate1_M4_S188
1351	-0.4950505	-2.5423458	22	TuPa29_Plate1_D21_S298
1352	-0.5064681	-3.8249526	22	TuPa29_Plate1_M16_S200
1353	-3.6459434	-6.444241	22	TuPa29_Plate1_A15_S223
1354	-2.6792378	-7.3052883	22	TuPa29_Plate1_G20_S66
1355	-3.407964	-6.225394	22	TuPa29_Plate1_L9_S170
1356	-2.5521324	-8.403835	22	TuPa29_Plate1_D6_S283
1357	-1.2727762	-4.0858164	22	TuPa29_Plate1_C3_S257
1358	-0.87340933	-2.542694	22	TuPa29_Plate1_N17_S224
1359	-4.808976	-4.9396496	22	TuPa29_Plate1_C6_S260
1360	-1.5673666	-6.55328	22	TuPa29_Plate1_I21_S113
1361	-29.153658	17.218803	T cell	TuPa29_Plate1_K7_S145
1362	2.1238167	-1.2468476	22	TuPa29_Plate1_O16_S246
1363	-16.81251	-2.0547636	quiescent stellate	TuPa29_Plate1_P13_S266
1364	-0.8538548	-5.490492	22	TuPa29_Plate1_A7_S215
1365	-18.0526	-2.143892	quiescent stellate	TuPa29_Plate1_N11_S218
1366	-2.3370764	-7.2643957	22	TuPa29_Plate1_D13_S290
1367	1.308713	-0.84290135	22	TuPa29_Plate1_O4_S234
1368	-2.7530656	-5.1768885	22	TuPa29_Plate1_F18_S41
1369	0.10529392	-4.0502462	22	TuPa29_Plate1_M9_S193
1370	-1.013739	22.462248	19	TuPa29_Plate1_A19_S227
1371	1.5315509	-1.4040021	22	TuPa29_Plate1_F15_S38
1372	-18.716581	-2.1423602	quiescent stellate	TuPa29_Plate1_I10_S102
1373	-2.0927007	-5.63623	22	TuPa29_Plate1_J3_S118
1374	-4.1583214	-5.608336	22	TuPa29_Plate1_C9_S263
1375	-1.7624735	-5.996965	22	TuPa29_Plate1_P6_S259
1376	-1.0081849	-1.3283534	22	TuPa29_Plate1_E15_S15
1377	0.12084689	-1.4264442	22	TuPa29_Plate1_G23_S69
1378	-19.986221	-9.390464	delta	TuPa29_Plate1_K14_S152
1379	-1.5124236	-2.43653	22	TuPa29_Plate1_N20_S227
1380	-3.0403583	-6.3798313	22	TuPa29_Plate1_C1_S255
1381	1.7188448	-1.4387282	22	TuPa29_Plate1_L1_S162
1382	-20.37843	-9.73344	delta	TuPa29_Plate1_O14_S244
1383	5.510458	-1.8588219	23	TuPa29_Plate1_N4_S211
1384	-20.52725	-10.031593	delta	TuPa29_Plate1_K6_S144
1385	2.636503	-0.62168497	22	TuPa29_Plate1_E7_S7
1386	-0.780268	-1.688513	22	TuPa29_Plate1_I23_S115
1387	6.4934273	-2.0587864	23	TuPa29_Plate1_E23_S23
1388	-17.990416	-2.033242	quiescent stellate	TuPa29_Plate1_D19_S296
1389	-17.200066	-1.993963	quiescent stellate	TuPa29_Plate1_A10_S218
1390	-1.6140428	-2.7595806	22	TuPa29_Plate1_O12_S242
1391	-3.1276662	-7.767173	22	TuPa29_Plate1_G9_S55
1392	-1.103875	-0.9044221	22	TuPa29_Plate1_P19_S272
1393	-1.6746022	-3.493682	22	TuPa29_Plate1_G4_S50
1394	-1.7491887	-7.806018	22	TuPa29_Plate1_A20_S228
1395	-16.352472	-2.013181	quiescent stellate	TuPa29_Plate1_O17_S247
1396	-0.87996376	-1.9310169	22	TuPa29_Plate1_D2_S279
1397	-20.177961	-10.068639	delta	TuPa29_Plate1_N18_S225
1398	-0.9803259	-2.9801693	22	TuPa29_Plate1_N6_S213
1399	-29.629652	16.535698	T cell	TuPa31_Plate1_L13_S38
1400	18.054855	-23.816797	21	TuPa31_Plate1_N1_S72
1401	13.225165	-8.980421	21	TuPa31_Plate1_D19_S160
1402	16.764585	-20.971842	21	TuPa31_Plate1_L15_S40
1403	13.294409	-14.23181	21	TuPa31_Plate1_N14_S85
1404	11.474107	-5.253018	23	TuPa31_Plate1_J21_S300
1405	20.297203	-20.889038	21	TuPa31_Plate1_J18_S297
1406	19.57182	-21.412205	21	TuPa31_Plate1_G5_S215
1407	14.204778	-10.440542	21	TuPa31_Plate1_M12_S60
1408	17.349508	-18.100922	21	TuPa31_Plate1_H8_S241
1409	12.538528	-10.953122	21	TuPa31_Plate1_E17_S181
1410	12.993726	-18.900682	21	TuPa31_Plate1_C5_S123
1411	15.503989	-19.70166	21	TuPa31_Plate1_N5_S76
1412	13.733538	-15.333796	21	TuPa31_Plate1_N11_S82
1413	16.14693	-18.192629	21	TuPa31_Plate1_N9_S80
1414	18.468857	-18.048803	21	TuPa31_Plate1_L4_S29
1415	19.569435	-19.015427	21	TuPa31_Plate1_F9_S196
1416	-20.164055	-1.9978117	quiescent stellate	TuPa31_Plate1_I13_S269
1417	10.603449	-4.75622	23	TuPa31_Plate1_M19_S67
1418	14.7764635	-11.815211	21	TuPa31_Plate1_E18_S182
1419	16.941608	-21.641306	21	TuPa31_Plate1_F16_S203
1420	9.368244	-3.1405113	23	TuPa31_Plate1_A19_S91
1421	7.850198	-4.500825	21	TuPa31_Plate1_L18_S43
1422	9.486136	-3.9839172	23	TuPa31_Plate1_C12_S130
1423	11.007898	-5.0096183	23	TuPa31_Plate1_P1_S118
1424	14.338623	-15.325458	21	TuPa31_Plate1_J14_S293
1425	8.972963	-3.2989528	23	TuPa31_Plate1_C8_S126
1426	11.499331	-5.007501	23	TuPa31_Plate1_F23_S210
1427	13.8284025	-10.225645	21	TuPa31_Plate1_O14_S108
1428	15.338113	-22.8156	21	TuPa31_Plate1_A4_S76
1429	14.34119	-17.370918	21	TuPa31_Plate1_K12_S14
1430	18.573277	-21.730522	21	TuPa31_Plate1_D6_S147
1431	10.220004	-3.8352332	23	TuPa31_Plate1_J22_S1
1432	13.728181	-9.3166275	21	TuPa31_Plate1_B22_S117
1433	-20.932932	-1.9225928	quiescent stellate	TuPa31_Plate1_O9_S103
1434	12.5115185	-14.434691	21	TuPa31_Plate1_A6_S78
1435	14.863702	-19.802376	21	TuPa31_Plate1_G3_S213
1436	11.970376	-13.434762	21	TuPa31_Plate1_G12_S222
1437	11.080424	-4.2933125	23	TuPa31_Plate1_P11_S128
1438	13.360727	-9.142766	21	TuPa31_Plate1_K19_S21
1439	14.0131235	-16.084955	21	TuPa31_Plate1_H17_S250
1440	15.870223	-20.791245	21	TuPa31_Plate1_I3_S259
1441	15.685404	-18.703646	21	TuPa31_Plate1_E7_S171
1442	13.240668	-15.053855	21	TuPa31_Plate1_C1_S119
1443	11.765773	-11.051628	21	TuPa31_Plate1_D10_S151
1444	10.487691	-4.1336102	23	TuPa31_Plate1_C10_S128
1445	16.649918	-21.481215	21	TuPa31_Plate1_I12_S268
1446	15.880547	-20.155588	21	TuPa31_Plate1_N3_S74
1447	-21.016485	-2.1636841	quiescent stellate	TuPa31_Plate1_M8_S56
1448	17.566746	-19.406057	21	TuPa31_Plate1_E11_S175
1449	19.148838	-20.68217	21	TuPa31_Plate1_E5_S169
1450	14.360507	-14.946437	21	TuPa31_Plate1_B6_S101
1451	13.666977	-13.356335	21	TuPa31_Plate1_J15_S294
1452	-20.604353	-9.746844	delta	TuPa31_Plate1_G11_S221
1453	13.388986	-21.954863	21	TuPa31_Plate1_M11_S59
1454	13.012251	-7.9772005	21	TuPa31_Plate1_E12_S176
1455	14.391575	-13.302432	21	TuPa31_Plate1_G16_S226
1456	9.626023	-4.0450277	23	TuPa31_Plate1_H22_S255
1457	10.214982	-4.1483088	23	TuPa31_Plate1_A13_S85
1458	19.407715	-23.65312	21	TuPa31_Plate1_J4_S283
1459	15.632768	-14.610709	21	TuPa31_Plate1_G17_S227
1460	13.254409	-8.276031	21	TuPa31_Plate1_E22_S186
1461	13.373832	-10.517964	21	TuPa31_Plate1_P5_S122
1462	17.559076	-17.419043	21	TuPa31_Plate1_J7_S286
1463	16.954443	-21.781507	21	TuPa31_Plate1_P8_S125
1464	13.550029	-18.954782	21	TuPa31_Plate1_D2_S143
1465	18.463366	-20.767916	21	TuPa31_Plate1_K3_S5
1466	12.996251	-8.292356	21	TuPa31_Plate1_G22_S232
1467	15.084936	-21.588264	21	TuPa31_Plate1_L2_S27
1468	14.129602	-14.603487	21	TuPa31_Plate1_M10_S58
1469	12.294841	-9.174946	21	TuPa31_Plate1_P23_S140
1470	8.643621	-3.7847607	23	TuPa31_Plate1_F3_S190
1471	-19.401556	-2.736841	quiescent stellate	TuPa31_Plate1_F8_S195
1472	18.000418	-20.308527	21	TuPa31_Plate1_M4_S52
1473	17.510263	-21.736235	21	TuPa31_Plate1_N12_S83
1474	10.746351	-4.749096	23	TuPa31_Plate1_B15_S110
1475	16.006775	-17.06298	21	TuPa31_Plate1_H15_S248
1476	14.82368	-18.145994	21	TuPa31_Plate1_P3_S120
1477	19.106632	-23.310871	21	TuPa31_Plate1_E21_S185
1478	15.455606	-20.241795	21	TuPa31_Plate1_E6_S170
1479	15.694992	-22.501318	21	TuPa31_Plate1_P14_S131
1480	17.733288	-19.529675	21	TuPa31_Plate1_L7_S32
1481	16.36825	-24.3931	21	TuPa31_Plate1_K9_S11
1482	14.377056	-20.711983	21	TuPa31_Plate1_I7_S263
1483	-18.952066	-2.1032789	quiescent stellate	TuPa31_Plate1_J1_S280
1484	17.431566	-20.514874	21	TuPa31_Plate1_H12_S245
1485	13.494926	-22.455654	21	TuPa31_Plate1_J10_S289
1486	17.977991	-22.64657	21	TuPa31_Plate1_G2_S212
1487	14.51311	-13.944805	21	TuPa31_Plate1_M13_S61
1488	17.344412	-16.675638	21	TuPa31_Plate1_N8_S79
1489	-24.65999	-21.355274	delta	TuPa31_Plate1_P13_S130
1490	13.764985	-17.59108	21	TuPa31_Plate1_D5_S146
1491	16.374939	-22.668285	21	TuPa31_Plate1_K5_S7
1492	10.946533	-3.9686198	23	TuPa31_Plate1_F22_S209
1493	13.499381	-8.426704	21	TuPa31_Plate1_F17_S204
1494	14.155213	-15.366814	21	TuPa31_Plate1_P2_S119
1495	16.808722	-19.960663	21	TuPa31_Plate1_B1_S96
1496	16.288376	-23.436403	21	TuPa31_Plate1_O10_S104
1497	13.36572	-9.6685915	21	TuPa31_Plate1_N19_S90
1498	13.861552	-14.167094	21	TuPa31_Plate1_N13_S84
1499	15.867657	-19.175617	21	TuPa31_Plate1_E3_S167
1500	14.493045	-19.162323	21	TuPa31_Plate1_G10_S220
1501	14.186267	-12.198433	21	TuPa31_Plate1_B7_S102
1502	18.579443	-22.80255	21	TuPa31_Plate1_J6_S285
1503	18.433306	-22.673038	21	TuPa31_Plate1_I8_S264
1504	10.444656	-3.5525548	23	TuPa31_Plate1_O19_S113
1505	14.107292	-10.702463	21	TuPa31_Plate1_K17_S19
1506	13.20069	-13.641387	21	TuPa31_Plate1_O2_S96
1507	20.09492	-20.103119	21	TuPa31_Plate1_N6_S77
1508	10.509259	-4.2503824	23	TuPa31_Plate1_H23_S256
1509	16.356443	-19.767002	21	TuPa31_Plate1_D8_S149
1510	10.931159	-4.7293463	23	TuPa31_Plate1_H21_S254
1511	14.196255	-10.990811	21	TuPa31_Plate1_H14_S247
1512	15.539675	-13.254025	21	TuPa31_Plate1_E14_S178
1513	13.854613	-10.707443	21	TuPa31_Plate1_G13_S223
1514	16.822363	-24.388086	21	TuPa31_Plate1_I5_S261
1515	16.385248	-20.072535	21	TuPa31_Plate1_O7_S101
1516	13.072701	-8.861317	21	TuPa31_Plate1_H13_S246
1517	-18.815075	-2.1784868	quiescent stellate	TuPa31_Plate1_P12_S129
1518	10.270502	-4.1298866	23	TuPa31_Plate1_N22_S93
1519	9.922703	-3.4533143	23	TuPa31_Plate1_A16_S88
1520	17.063435	-21.060045	21	TuPa31_Plate1_G4_S214
1521	18.08241	-23.95315	21	TuPa31_Plate1_M1_S49
1522	16.670134	-22.63043	21	TuPa31_Plate1_F6_S193
1523	17.61423	-18.88608	21	TuPa31_Plate1_F11_S198
1524	11.982636	-10.4071455	21	TuPa31_Plate1_O18_S112
1525	14.996739	-20.973124	21	TuPa31_Plate1_H9_S242
1526	14.810756	-22.126905	21	TuPa31_Plate1_M2_S50
1527	14.417593	-13.00957	21	TuPa31_Plate1_O1_S95
1528	15.427082	-17.70382	21	TuPa31_Plate1_F1_S188
1529	17.761345	-20.278797	21	TuPa31_Plate1_O6_S100
1530	15.450531	-17.32433	21	TuPa31_Plate1_K11_S13
1531	13.854591	-10.453068	21	TuPa31_Plate1_P6_S123
1532	15.621365	-20.099163	21	TuPa31_Plate1_K2_S4
1533	-19.442156	-2.018252	quiescent stellate	TuPa31_Plate1_I2_S258
1534	16.008581	-19.007715	21	TuPa31_Plate1_C6_S124
1535	15.474696	-19.302473	21	TuPa31_Plate1_N2_S73
1536	12.968967	-15.968858	21	TuPa31_Plate1_O3_S97
1537	19.126987	-24.040188	21	TuPa31_Plate1_I16_S272
1538	12.140255	-15.465213	21	TuPa31_Plate1_D22_S163
1539	15.163175	-16.640846	21	TuPa31_Plate1_C20_S138
1540	10.057113	-3.4920976	23	TuPa31_Plate1_C19_S137
1541	7.7934675	-2.4791396	23	TuPa31_Plate1_B20_S115
1542	12.968155	-19.344387	21	TuPa31_Plate1_I10_S266
1543	15.675198	-16.49717	21	TuPa31_Plate1_G15_S225
1544	9.098226	-2.9035752	23	TuPa31_Plate1_A18_S90
1545	14.329902	-16.580008	21	TuPa31_Plate1_K15_S17
1546	16.086843	-14.894459	21	TuPa31_Plate1_N15_S86
1547	14.534173	-20.486656	21	TuPa31_Plate1_M9_S57
1548	18.231218	-18.634693	21	TuPa31_Plate1_F19_S206
1549	16.049627	-21.569658	21	TuPa31_Plate1_H1_S234
1550	17.32318	-15.996201	21	TuPa31_Plate1_C4_S122
1551	17.964819	-21.225052	21	TuPa31_Plate1_D3_S144
1552	16.360737	-19.364075	21	TuPa31_Plate1_D4_S145
1553	17.125017	-22.341463	21	TuPa31_Plate1_K1_S3
1554	17.764698	-21.52986	21	TuPa31_Plate1_F4_S191
1555	14.013826	-10.451769	21	TuPa31_Plate1_L12_S37
1556	14.682006	-13.829394	21	TuPa31_Plate1_J17_S296
1557	9.989922	-3.7794242	23	TuPa31_Plate1_D11_S152
1558	18.016912	-23.286537	21	TuPa31_Plate1_P9_S126
1559	13.373908	-9.287732	21	TuPa31_Plate1_J20_S299
1560	13.653649	-21.489662	21	TuPa31_Plate1_K7_S9
1561	17.711134	-21.375214	21	TuPa31_Plate1_N4_S75
1562	16.904947	-19.419878	21	TuPa31_Plate1_L17_S42
1563	16.733183	-22.272518	21	TuPa31_Plate1_K14_S16
1564	16.929316	-16.96636	21	TuPa31_Plate1_L9_S34
1565	17.895714	-24.60274	21	TuPa31_Plate1_N7_S78
1566	18.575193	-24.17907	21	TuPa31_Plate1_H6_S239
1567	13.775018	-9.220161	21	TuPa31_Plate1_E13_S177
1568	-16.076054	-2.6557686	quiescent stellate	TuPa31_Plate1_D12_S153
1569	12.178237	-6.6881385	23	TuPa31_Plate1_D23_S164
1570	10.876777	-3.942943	23	TuPa31_Plate1_L20_S45
1571	13.779357	-15.780872	21	TuPa31_Plate1_F13_S200
1572	11.771584	-4.5760937	23	TuPa31_Plate1_B18_S113
1573	9.46476	-3.4389963	23	TuPa31_Plate1_C16_S134
1574	17.556541	-19.110659	21	TuPa31_Plate1_O12_S106
1575	15.858133	-22.183836	21	TuPa31_Plate1_A1_S73
1576	10.242648	-3.2591486	23	TuPa31_Plate1_M23_S71
1577	14.694158	-11.967472	21	TuPa31_Plate1_I17_S273
1578	17.803728	-22.168528	21	TuPa31_Plate1_E20_S184
1579	13.155547	-12.301585	21	TuPa31_Plate1_I19_S275
1580	18.42846	-21.990898	21	TuPa31_Plate1_J11_S290
1581	14.135671	-11.4714575	21	TuPa31_Plate1_O11_S105
1582	13.154924	-11.417163	21	TuPa31_Plate1_E1_S165
1583	14.236394	-14.035075	21	TuPa31_Plate1_M14_S62
1584	18.35625	-22.948565	21	TuPa31_Plate1_M5_S53
1585	17.690664	-21.736155	21	TuPa31_Plate1_H10_S243
1586	9.779263	-3.7384422	23	TuPa31_Plate1_G14_S224
1587	17.683388	-23.16234	21	TuPa31_Plate1_E8_S172
1588	-19.37009	-2.2512996	quiescent stellate	TuPa31_Plate1_J2_S281
1589	18.204437	-23.69487	21	TuPa31_Plate1_H4_S237
1590	10.745801	-3.8890908	23	TuPa31_Plate1_O23_S117
1591	16.59207	-18.318361	21	TuPa31_Plate1_M16_S64
1592	16.084372	-21.277966	21	TuPa31_Plate1_A3_S75
1593	12.995897	-8.758753	21	TuPa31_Plate1_G21_S231
1594	13.348507	-9.887097	21	TuPa31_Plate1_D9_S150
1595	16.507988	-20.065413	21	TuPa31_Plate1_E9_S173
1596	12.747452	-9.510366	21	TuPa31_Plate1_N16_S87
1597	12.968357	-9.387965	21	TuPa31_Plate1_H20_S253
1598	18.684565	-21.79287	21	TuPa31_Plate1_J5_S284
1599	14.07267	-19.614004	21	TuPa31_Plate1_N10_S81
1600	14.340499	-14.747862	21	TuPa31_Plate1_B5_S100
1601	16.299276	-15.963949	21	TuPa31_Plate1_C2_S120
1602	13.661829	-10.232217	21	TuPa31_Plate1_M17_S65
1603	14.671617	-12.610922	21	TuPa31_Plate1_J19_S298
1604	-19.652943	-2.0712168	quiescent stellate	TuPa31_Plate1_J12_S291
1605	13.740533	-12.220596	21	TuPa31_Plate1_M15_S63
1606	16.791712	-19.48612	21	TuPa31_Plate1_H2_S235
1607	17.561726	-22.691923	21	TuPa31_Plate1_B2_S97
1608	13.359197	-19.538809	21	TuPa31_Plate1_F5_S192
1609	13.948791	-14.346895	21	TuPa31_Plate1_G20_S230
1610	17.140308	-23.539534	21	TuPa31_Plate1_I6_S262
1611	8.029683	-1.0471143	23	TuPa31_Plate1_D18_S159
1612	14.034254	-11.1917715	21	TuPa31_Plate1_C3_S121
1613	14.514138	-16.302624	21	TuPa31_Plate1_I14_S270
1614	15.332864	-21.818975	21	TuPa31_Plate1_L6_S31
1615	18.573639	-20.50462	21	TuPa31_Plate1_M3_S51
1616	14.454606	-23.257467	21	TuPa31_Plate1_E16_S180
1617	18.777277	-19.3491	21	TuPa31_Plate1_E4_S168
1618	15.048232	-15.44534	21	TuPa31_Plate1_F10_S197
1619	-18.924131	-2.0504282	quiescent stellate	TuPa31_Plate1_H7_S240
1620	-20.229298	-1.9395354	quiescent stellate	TuPa31_Plate1_G7_S217
1621	17.274845	-19.960392	21	TuPa31_Plate1_K13_S15
1622	11.973572	-5.5280833	23	TuPa31_Plate1_D13_S154
1623	14.143416	-8.765503	21	TuPa31_Plate1_F20_S207
1624	19.0434	-23.092295	21	TuPa31_Plate1_J8_S287
1625	9.056229	-3.1840065	23	TuPa31_Plate1_O15_S109
1626	14.859675	-17.405655	21	TuPa31_Plate1_O8_S102
1627	18.648867	-23.152508	21	TuPa31_Plate1_K6_S8
1628	12.6864195	-12.266804	21	TuPa31_Plate1_I18_S274
1629	15.506559	-18.486927	21	TuPa31_Plate1_L16_S41
1630	15.326636	-13.95771	21	TuPa31_Plate1_K16_S18
1631	9.685096	-5.1445494	23	TuPa31_Plate1_J23_S2
1632	19.422533	-23.423033	21	TuPa31_Plate1_I4_S260
1633	14.555662	-12.189753	21	TuPa31_Plate1_A5_S77
1634	-19.598534	-2.040633	quiescent stellate	TuPa31_Plate1_I15_S271
1635	13.094672	-16.891266	21	TuPa31_Plate1_I11_S267
1636	13.573552	-20.306765	21	TuPa31_Plate1_O5_S99
1637	18.740923	-20.155876	21	TuPa31_Plate1_I9_S265
1638	15.3454895	-18.39715	21	TuPa31_Plate1_F12_S199
1639	18.917416	-22.44121	21	TuPa31_Plate1_G6_S216
1640	14.952598	-14.437777	21	TuPa31_Plate1_J16_S295
1641	-19.750935	-2.3079329	quiescent stellate	TuPa31_Plate1_L11_S36
1642	15.784669	-19.269827	21	TuPa31_Plate1_A2_S74
1643	12.845169	-7.837789	21	TuPa31_Plate1_H18_S251
1644	13.956535	-9.48532	21	TuPa31_Plate1_N17_S88
1645	15.940269	-17.343103	21	TuPa31_Plate1_D7_S148
1646	12.894177	-18.912514	21	TuPa31_Plate1_L8_S33
1647	14.278982	-14.443665	21	TuPa31_Plate1_P4_S121
1648	13.448153	-11.607481	21	TuPa31_Plate1_P10_S127
1649	13.941581	-18.192326	21	TuPa31_Plate1_J3_S282
1650	10.749183	-5.333566	23	TuPa31_Plate1_I21_S277
1651	10.459063	-4.1644206	23	TuPa31_Plate1_D21_S162
1652	11.467997	-5.8968415	23	TuPa31_Plate1_A15_S87
1653	14.306625	-9.662511	21	TuPa31_Plate1_B8_S103
1654	-18.395578	-2.0354629	quiescent stellate	TuPa31_Plate1_E2_S166
1655	15.131275	-18.48351	21	TuPa31_Plate1_G1_S211
1656	37.72564	-0.36652273	20	TuPa28_Plate1_F5_S124
1657	-32.27837	17.878475	T cell	TuPa28_Plate1_D23_S96
1658	29.020502	5.6859646	20	TuPa28_Plate1_N6_S9
1659	35.48407	1.0172403	20	TuPa28_Plate1_N3_S6
1660	32.15799	5.4754777	20	TuPa28_Plate1_O12_S38
1661	36.682182	3.3272746	20	TuPa28_Plate1_J10_S221
1662	38.70815	2.9195254	20	TuPa28_Plate1_J15_S226
1663	41.069393	0.47286388	20	TuPa28_Plate1_H16_S181
1664	30.135609	2.8607743	20	TuPa28_Plate1_L1_S258
1665	37.24535	3.4108021	20	TuPa28_Plate1_A12_S16
1666	29.482252	3.8271153	20	TuPa28_Plate1_H2_S167
1667	31.170038	6.7531414	20	TuPa28_Plate1_D2_S75
1668	43.423523	2.6013532	20	TuPa28_Plate1_N12_S15
1669	43.633904	1.3913753	20	TuPa28_Plate1_M15_S295
1670	39.253704	-0.058336172	20	TuPa28_Plate1_F9_S128
1671	39.28866	1.1162149	20	TuPa28_Plate1_A14_S18
1672	32.474155	4.1227818	20	TuPa28_Plate1_N15_S18
1673	-8.484619	38.531174	macrophage	TuPa28_Plate1_H21_S186
1674	27.034786	4.8062706	20	TuPa28_Plate1_F3_S122
1675	32.731388	4.8650174	20	TuPa28_Plate1_E15_S111
1676	38.735085	2.2908013	20	TuPa28_Plate1_G12_S154
1677	28.564064	1.9335166	20	TuPa28_Plate1_J3_S214
1678	36.259228	-0.3655055	20	TuPa28_Plate1_O17_S43
1679	41.85832	1.3602109	20	TuPa28_Plate1_E12_S108
1680	31.875093	3.9187722	20	TuPa28_Plate1_H3_S168
1681	10.622179	-2.1804578	23	TuPa28_Plate1_D17_S90
1682	38.325916	0.4380106	20	TuPa28_Plate1_B13_S40
1683	-8.754917	38.20448	macrophage	TuPa28_Plate1_A22_S26
1684	34.352665	3.4041848	20	TuPa28_Plate1_O20_S46
1685	25.837639	4.954266	20	TuPa28_Plate1_O6_S32
1686	39.919197	4.4794927	20	TuPa28_Plate1_L8_S265
1687	36.92367	0.24865462	20	TuPa28_Plate1_M1_S281
1688	37.35877	-2.3204415	20	TuPa28_Plate1_A8_S12
1689	33.378048	2.5467877	20	TuPa28_Plate1_H18_S183
1690	42.388298	5.812046	20	TuPa28_Plate1_M19_S299
1691	33.30348	3.868062	20	TuPa28_Plate1_N4_S7
1692	41.725945	6.9179006	20	TuPa28_Plate1_G20_S162
1693	28.482695	5.4271035	20	TuPa28_Plate1_N14_S17
1694	30.91817	6.478848	20	TuPa28_Plate1_G7_S149
1695	-8.590009	38.37855	macrophage	TuPa28_Plate1_K21_S255
1696	39.144558	7.574355	20	TuPa28_Plate1_O2_S28
1697	39.56374	-1.1340832	20	TuPa28_Plate1_E20_S116
1698	26.450344	5.753751	20	TuPa28_Plate1_K6_S240
1699	38.646904	8.149071	20	TuPa28_Plate1_O4_S30
1700	34.0866	2.7875164	20	TuPa28_Plate1_F20_S139
1701	42.28727	0.41964158	alpha	TuPa28_Plate1_K9_S243
1702	-9.420126	38.97187	macrophage	TuPa28_Plate1_K23_S257
1703	41.93765	0.5560661	20	TuPa28_Plate1_J2_S213
1704	35.644352	6.089492	20	TuPa28_Plate1_L20_S277
1705	37.70481	6.6984696	20	TuPa28_Plate1_A15_S19
1706	38.73548	5.1882887	20	TuPa28_Plate1_J19_S230
1707	39.265785	6.2296243	20	TuPa28_Plate1_O13_S39
1708	-8.734226	38.21739	macrophage	TuPa28_Plate1_N22_S25
1709	-30.586245	17.968431	T cell	TuPa28_Plate1_D21_S94
1710	41.753056	1.8502065	20	TuPa28_Plate1_M4_S284
1711	29.612238	5.987967	20	TuPa28_Plate1_D5_S78
1712	38.167683	0.59768355	20	TuPa28_Plate1_I3_S191
1713	-9.411612	38.963974	macrophage	TuPa28_Plate1_J22_S233
1714	40.376286	-2.3713913	20	TuPa28_Plate1_E18_S114
1715	37.72293	2.061644	20	TuPa28_Plate1_J20_S231
1716	28.487745	5.655441	20	TuPa28_Plate1_J12_S223
1717	34.261868	1.2134665	20	TuPa28_Plate1_A20_S24
1718	41.455578	2.9595792	20	TuPa28_Plate1_E10_S106
1719	-32.48161	17.713602	T cell	TuPa28_Plate1_M22_S2
1720	37.3938	5.988889	20	TuPa28_Plate1_K4_S238
1721	38.503113	3.8254042	20	TuPa28_Plate1_M14_S294
1722	30.989283	3.788933	20	TuPa28_Plate1_I10_S198
1723	37.204243	3.5481524	20	TuPa28_Plate1_B4_S31
1724	-8.724299	38.20902	macrophage	TuPa28_Plate1_F23_S142
1725	34.646297	2.526496	20	TuPa28_Plate1_N19_S22
1726	36.168484	3.8341734	20	TuPa28_Plate1_M11_S291
1727	35.593052	-0.15098356	20	TuPa28_Plate1_P7_S56
1728	40.02379	3.4811223	20	TuPa28_Plate1_B9_S36
1729	-8.7243	38.20902	macrophage	TuPa28_Plate1_O22_S48
1730	30.574305	3.9413571	20	TuPa28_Plate1_J6_S217
1731	-9.175714	38.279392	macrophage	TuPa28_Plate1_E21_S117
1732	30.738874	1.9176518	20	TuPa28_Plate1_G11_S153
1733	40.258816	-1.4293776	20	TuPa28_Plate1_L3_S260
1734	40.640884	0.7844151	20	TuPa28_Plate1_I9_S197
1735	38.31317	3.5896175	20	TuPa28_Plate1_J16_S227
1736	32.621414	6.9789095	20	TuPa28_Plate1_A10_S14
1737	34.76504	4.8715467	20	TuPa28_Plate1_H5_S170
1738	-30.312628	18.74442	T cell	TuPa28_Plate1_I22_S210
1739	35.684395	4.375761	20	TuPa28_Plate1_F4_S123
1740	29.148222	3.4805584	20	TuPa28_Plate1_G13_S155
1741	42.808643	2.7074902	20	TuPa28_Plate1_P15_S64
1742	-31.016747	17.662544	T cell	TuPa28_Plate1_J23_S234
1743	31.025013	2.3256888	20	TuPa28_Plate1_H12_S177
1744	37.289192	1.2452464	20	TuPa28_Plate1_O7_S33
1745	29.23913	1.9262501	20	TuPa28_Plate1_A9_S13
1746	26.330843	5.3028693	20	TuPa28_Plate1_B2_S29
1747	41.44599	5.8470645	20	TuPa28_Plate1_E11_S107
1748	27.475151	2.6523738	20	TuPa28_Plate1_P18_S67
1749	40.542866	2.1801662	20	TuPa28_Plate1_L4_S261
1750	-8.854865	38.5664	macrophage	TuPa28_Plate1_E22_S118
1751	44.095	2.9154801	20	TuPa28_Plate1_I4_S192
1752	29.442831	4.083158	20	TuPa28_Plate1_K14_S248
1753	37.965614	-9.686052	epsilon	TuPa28_Plate1_H13_S178
1754	30.873121	4.853681	20	TuPa28_Plate1_O14_S40
1755	31.89119	4.410398	20	TuPa28_Plate1_P9_S58
1756	32.40797	6.2418723	20	TuPa28_Plate1_N17_S20
1757	35.423676	7.323453	20	TuPa28_Plate1_C12_S62
1758	25.806149	4.408862	20	TuPa28_Plate1_A4_S8
1759	37.97724	2.5031033	20	TuPa28_Plate1_H10_S175
1760	41.115437	4.040716	20	TuPa28_Plate1_K15_S249
1761	-30.952078	18.854933	T cell	TuPa28_Plate1_E23_S119
1762	-30.285116	17.995134	T cell	TuPa28_Plate1_J21_S232
1763	40.0742	-1.1286746	20	TuPa28_Plate1_L12_S269
1764	41.886436	4.6692815	20	TuPa28_Plate1_J4_S215
1765	31.97684	0.48298937	20	TuPa28_Plate1_M12_S292
1766	29.213882	0.64722294	20	TuPa28_Plate1_E13_S109
1767	39.212456	3.179014	20	TuPa28_Plate1_B11_S38
1768	36.68792	1.7476827	20	TuPa28_Plate1_D12_S85
1769	-20.242855	-9.090297	delta	TuPa28_Plate1_H8_S173
1770	-9.392243	38.959362	macrophage	TuPa28_Plate1_B21_S48
1771	30.854053	3.868252	20	TuPa28_Plate1_A6_S10
1772	31.623365	2.927132	20	TuPa28_Plate1_K5_S239
1773	30.807821	3.301154	20	TuPa28_Plate1_J5_S216
1774	25.198053	5.027768	20	TuPa28_Plate1_B19_S46
1775	38.881752	-0.6476574	20	TuPa28_Plate1_B18_S45
1776	40.817524	3.6481998	20	TuPa28_Plate1_L18_S275
1777	-31.06966	18.394087	T cell	TuPa28_Plate1_M21_S1
1778	33.777637	1.618909	20	TuPa28_Plate1_N20_S23
1779	-30.13231	17.766401	T cell	TuPa28_Plate1_A23_S27
1780	40.615685	1.1496804	20	TuPa28_Plate1_C6_S56
1781	40.392094	4.56541	20	TuPa28_Plate1_D16_S89
1782	40.867725	7.6847215	20	TuPa28_Plate1_L16_S273
1783	30.91177	8.390793	20	TuPa28_Plate1_N10_S13
1784	41.707516	-0.16430055	20	TuPa28_Plate1_F7_S126
1785	31.50715	4.3180723	20	TuPa28_Plate1_P2_S51
1786	28.926468	1.9806912	20	TuPa28_Plate1_P3_S52
1787	38.02694	1.4282048	20	TuPa28_Plate1_C19_S69
1788	27.81837	6.873033	20	TuPa28_Plate1_O16_S42
1789	29.31879	7.3342843	20	TuPa28_Plate1_C8_S58
1790	37.600674	3.069801	20	TuPa28_Plate1_K19_S253
1791	39.853466	7.5241437	20	TuPa28_Plate1_L11_S268
1792	40.924423	1.6721315	20	TuPa28_Plate1_E8_S104
1793	-32.36233	17.824759	T cell	TuPa28_Plate1_A21_S25
1794	40.713886	-0.8285409	20	TuPa28_Plate1_M2_S282
1795	38.179424	3.5479257	20	TuPa28_Plate1_I5_S193
1796	37.931488	4.143762	20	TuPa28_Plate1_K17_S251
1797	35.706238	2.7678943	20	TuPa28_Plate1_D19_S92
1798	37.42446	1.6713896	20	TuPa28_Plate1_D10_S83
1799	38.381973	4.413621	20	TuPa28_Plate1_L19_S276
1800	26.755173	5.365163	20	TuPa28_Plate1_F19_S138
1801	34.46347	7.1070023	20	TuPa28_Plate1_E7_S103
1802	-9.328408	38.980896	macrophage	TuPa28_Plate1_C22_S72
1803	27.33627	4.290711	20	TuPa28_Plate1_O5_S31
1804	42.634933	3.9861631	20	TuPa28_Plate1_K1_S235
1805	33.069668	1.0804386	20	TuPa28_Plate1_H20_S185
1806	29.840015	4.9919806	20	TuPa28_Plate1_B6_S33
1807	29.457563	6.236654	20	TuPa28_Plate1_L2_S259
1808	33.85575	3.320135	20	TuPa28_Plate1_P17_S66
1809	32.037907	6.3847737	20	TuPa28_Plate1_L14_S271
1810	30.256	2.1952753	20	TuPa28_Plate1_B8_S35
1811	-8.478246	38.05583	macrophage	TuPa28_Plate1_K22_S256
1812	30.357025	4.70595	20	TuPa28_Plate1_F8_S127
1813	39.981953	1.7034229	20	TuPa28_Plate1_I8_S196
1814	42.72083	4.5091753	20	TuPa28_Plate1_C17_S67
1815	32.933426	3.37072	20	TuPa28_Plate1_P13_S62
1816	32.78363	4.104057	20	TuPa28_Plate1_E9_S105
1817	35.412457	5.21183	20	TuPa28_Plate1_I15_S203
1818	33.29751	7.7316847	20	TuPa28_Plate1_I14_S202
1819	37.528664	-1.1989884	20	TuPa28_Plate1_P8_S57
1820	29.5628	4.54788	20	TuPa28_Plate1_D3_S76
1821	28.16853	6.29781	20	TuPa28_Plate1_P4_S53
1822	40.62564	3.0670197	20	TuPa28_Plate1_I19_S207
1823	-25.9409	15.687255	T cell	TuPa28_Plate1_B22_S49
1824	-8.837935	38.561207	macrophage	TuPa28_Plate1_I23_S211
1825	31.448706	4.8385844	20	TuPa28_Plate1_P12_S61
1826	36.50402	0.6281443	20	TuPa28_Plate1_G14_S156
1827	44.691517	3.4551442	20	TuPa28_Plate1_C1_S51
1828	42.836487	-0.49333042	20	TuPa28_Plate1_F2_S121
1829	38.74139	-1.9804144	20	TuPa28_Plate1_F1_S120
1830	40.428513	0.34263855	20	TuPa28_Plate1_J9_S220
1831	26.738491	5.5141687	20	TuPa28_Plate1_N8_S11
1832	37.288956	4.9933577	20	TuPa28_Plate1_N13_S16
1833	38.927975	1.7529281	20	TuPa28_Plate1_I20_S208
1834	26.951746	4.658568	20	TuPa28_Plate1_L10_S267
1835	33.55172	3.5863464	20	TuPa28_Plate1_M20_S300
1836	28.771101	-16.361351	gamma	TuPa28_Plate1_H7_S172
1837	42.59703	5.417216	20	TuPa28_Plate1_K7_S241
1838	39.07456	4.6461134	20	TuPa28_Plate1_P10_S59
1839	41.46074	1.0179108	20	TuPa28_Plate1_J14_S225
1840	39.384136	4.226056	20	TuPa28_Plate1_O19_S45
1841	31.063759	4.329673	20	TuPa28_Plate1_E2_S98
1842	37.75582	5.312944	20	TuPa28_Plate1_D7_S80
1843	41.463596	3.0658271	20	TuPa28_Plate1_M3_S283
1844	40.896473	0.27931195	20	TuPa28_Plate1_L9_S266
1845	27.206852	5.623747	20	TuPa28_Plate1_P1_S50
1846	30.36045	-0.74587196	20	TuPa28_Plate1_E1_S97
1847	29.193638	4.730723	20	TuPa28_Plate1_C2_S52
1848	42.370396	3.646354	20	TuPa28_Plate1_H11_S176
1849	-31.70779	17.568659	T cell	TuPa28_Plate1_B23_S50
1850	38.23466	2.9443283	20	TuPa28_Plate1_C14_S64
1851	32.518837	3.3587418	20	TuPa28_Plate1_M16_S296
1852	39.679745	0.6252979	20	TuPa28_Plate1_H15_S180
1853	-19.265654	-1.9538425	quiescent stellate	TuPa28_Plate1_M5_S285
1854	30.07416	3.402704	20	TuPa28_Plate1_G19_S161
1855	36.97997	2.7011056	20	TuPa28_Plate1_C18_S68
1856	42.451244	2.091565	20	TuPa28_Plate1_J8_S219
1857	39.14997	2.2632296	20	TuPa28_Plate1_N2_S5
1858	41.82398	3.6181583	20	TuPa28_Plate1_B15_S42
1859	35.44268	4.848003	20	TuPa28_Plate1_F13_S132
1860	28.602667	5.0256715	20	TuPa28_Plate1_P5_S54
1861	28.670221	6.8458047	20	TuPa28_Plate1_I16_S204
1862	39.01147	3.305836	20	TuPa28_Plate1_B1_S28
1863	36.979134	-9.485884	20	TuPa28_Plate1_H17_S182
1864	36.613274	5.0373087	20	TuPa28_Plate1_E16_S112
1865	12.77909	-3.5683846	23	TuPa28_Plate1_N7_S10
1866	-29.410019	17.978643	T cell	TuPa28_Plate1_L22_S279
1867	35.057453	4.2083936	20	TuPa28_Plate1_C15_S65
1868	29.17768	4.9015727	20	TuPa28_Plate1_F6_S125
1869	39.60199	0.60287327	20	TuPa28_Plate1_M8_S288
1870	28.32669	5.858748	20	TuPa28_Plate1_P19_S68
1871	39.43204	1.9357629	20	TuPa28_Plate1_G18_S160
1872	40.54357	0.60749364	20	TuPa28_Plate1_C16_S66
1873	36.083035	4.8538804	20	TuPa28_Plate1_G15_S157
1874	28.765223	4.7360506	20	TuPa28_Plate1_J18_S229
1875	37.279575	8.946238	20	TuPa28_Plate1_D20_S93
1876	26.069075	4.8555236	20	TuPa28_Plate1_L5_S262
1877	38.239655	1.1943492	20	TuPa28_Plate1_B16_S43
1878	39.760624	5.904296	20	TuPa28_Plate1_M10_S290
1879	32.280563	1.9477457	20	TuPa28_Plate1_G17_S159
1880	34.788403	-1.1492347	20	TuPa28_Plate1_O3_S29
1881	41.624035	1.0811366	20	TuPa28_Plate1_F16_S135
1882	38.328564	1.5967398	20	TuPa28_Plate1_B7_S34
1883	-28.99993	19.064451	T cell	TuPa28_Plate1_H23_S188
1884	-8.807002	38.211807	macrophage	TuPa28_Plate1_H22_S187
1885	40.542397	2.37669	20	TuPa28_Plate1_F11_S130
1886	43.947586	0.19725624	20	TuPa28_Plate1_F14_S133
1887	31.43828	0.9210992	20	TuPa28_Plate1_O10_S36
1888	39.72411	5.2316523	20	TuPa28_Plate1_K11_S245
1889	33.160397	6.1475577	20	TuPa28_Plate1_E5_S101
1890	37.452003	5.7687407	20	TuPa28_Plate1_G6_S148
1891	40.31392	6.4290276	20	TuPa28_Plate1_D18_S91
1892	41.334923	0.23548113	20	TuPa28_Plate1_B12_S39
1893	35.245674	3.2255921	20	TuPa28_Plate1_H6_S171
1894	40.731735	-0.16907813	20	TuPa28_Plate1_I13_S201
1895	27.641523	4.9383073	20	TuPa28_Plate1_L15_S272
1896	37.81141	4.0119734	20	TuPa28_Plate1_A2_S6
1897	34.767452	3.711646	20	TuPa28_Plate1_A7_S11
1898	38.233288	1.9392384	20	TuPa28_Plate1_A11_S15
1899	36.67285	6.877899	20	TuPa28_Plate1_D15_S88
1900	38.51998	-0.62033546	20	TuPa28_Plate1_C9_S59
1901	-8.755028	38.20443	macrophage	TuPa28_Plate1_I21_S209
1902	-24.398935	14.597989	T cell	TuPa28_Plate1_L23_S280
1903	34.664234	3.4255295	20	TuPa28_Plate1_E6_S102
1904	34.58988	2.4927943	20	TuPa28_Plate1_F18_S137
1905	35.90746	2.5459943	20	TuPa28_Plate1_N11_S14
1906	28.753677	3.000593	20	TuPa28_Plate1_G1_S143
1907	37.382156	2.6866608	20	TuPa28_Plate1_P14_S63
1908	38.44269	5.0395494	20	TuPa28_Plate1_D8_S81
1909	36.11659	4.367996	20	TuPa28_Plate1_K3_S237
1910	39.772934	2.503621	20	TuPa28_Plate1_E17_S113
1911	31.924795	6.6281753	20	TuPa28_Plate1_A3_S7
1912	40.175026	-0.22891402	20	TuPa28_Plate1_C7_S57
1913	28.507256	4.133403	20	TuPa28_Plate1_I11_S199
1914	41.55283	2.1575758	20	TuPa28_Plate1_D9_S82
1915	42.65252	1.4669318	20	TuPa28_Plate1_D13_S86
1916	36.43232	2.345952	20	TuPa28_Plate1_K12_S246
1917	39.453625	-0.42219645	20	TuPa28_Plate1_D6_S79
1918	35.758904	3.1878994	20	TuPa28_Plate1_P11_S60
1919	-9.013435	37.990856	macrophage	TuPa28_Plate1_O21_S47
1920	29.68314	2.865778	20	TuPa28_Plate1_K16_S250
1921	41.38915	5.088436	20	TuPa28_Plate1_C13_S63
1922	36.00457	-1.2603046	20	TuPa28_Plate1_M7_S287
1923	28.701748	4.042406	20	TuPa28_Plate1_C3_S53
1924	-20.925571	19.888037	T cell	TuPa28_Plate1_P23_S72
1925	31.582691	5.6976123	20	TuPa28_Plate1_O8_S34
1926	40.174454	5.606951	20	TuPa28_Plate1_K13_S247
1927	38.89774	6.75668	20	TuPa28_Plate1_G9_S151
1928	36.207706	5.58871	20	TuPa28_Plate1_M18_S298
1929	40.24532	-0.49176732	20	TuPa28_Plate1_F10_S129
1930	35.007847	5.8137264	20	TuPa28_Plate1_K20_S254
1931	36.3174	4.16272	20	TuPa28_Plate1_A16_S20
1932	38.684868	7.5903745	20	TuPa28_Plate1_I12_S200
1933	39.729424	5.6920614	20	TuPa28_Plate1_H9_S174
1934	-9.002296	37.99249	macrophage	TuPa28_Plate1_L21_S278
1935	34.730026	6.0208035	20	TuPa28_Plate1_I1_S189
1936	27.248068	6.0020127	20	TuPa28_Plate1_B20_S47
1937	-19.397898	-2.1073313	quiescent stellate	TuPa28_Plate1_G8_S150
1938	27.189426	4.9948153	20	TuPa28_Plate1_O9_S35
1939	35.453667	3.7312627	20	TuPa28_Plate1_M17_S297
1940	-30.260803	17.842602	T cell	TuPa28_Plate1_N21_S24
1941	37.01781	7.49853	20	TuPa28_Plate1_G2_S144
1942	43.981297	1.5741882	20	TuPa28_Plate1_E14_S110
1943	28.149582	4.56451	20	TuPa28_Plate1_O18_S44
1944	33.802814	-0.35415116	20	TuPa28_Plate1_L17_S274
1945	44.181854	4.4867144	20	TuPa28_Plate1_B3_S30
1946	33.369854	1.8847817	20	TuPa28_Plate1_F17_S136
1947	39.2176	3.8003573	20	TuPa28_Plate1_D14_S87
1948	41.15832	4.905788	20	TuPa28_Plate1_C10_S60
1949	38.06123	6.033384	20	TuPa28_Plate1_K2_S236
1950	34.665886	4.7471566	20	TuPa28_Plate1_G4_S146
1951	32.17249	7.1215277	20	TuPa28_Plate1_J1_S212
1952	39.581646	1.1643034	20	TuPa28_Plate1_F15_S134
1953	38.246414	5.25856	20	TuPa28_Plate1_N5_S8
1954	32.07825	7.8432617	20	TuPa28_Plate1_E3_S99
1955	30.983828	5.290298	20	TuPa28_Plate1_O15_S41
1956	38.983562	2.8816383	20	TuPa28_Plate1_I6_S194
1957	-30.703056	18.549936	T cell	TuPa28_Plate1_N23_S26
1958	-30.559118	18.745628	T cell	TuPa28_Plate1_O23_S49
1959	-31.330935	18.17423	T cell	TuPa28_Plate1_P21_S70
1960	35.687824	1.6082537	20	TuPa28_Plate1_I17_S205
1961	37.64267	3.2592819	20	TuPa28_Plate1_F12_S131
1962	33.66887	4.942557	20	TuPa28_Plate1_C4_S54
1963	35.424194	0.57080734	20	TuPa28_Plate1_J13_S224
1964	27.180347	3.2902539	20	TuPa28_Plate1_N1_S4
1965	30.834864	3.5635288	20	TuPa28_Plate1_M13_S293
1966	33.416653	6.526561	20	TuPa28_Plate1_I18_S206
1967	25.065573	4.7957873	20	TuPa28_Plate1_L6_S263
1968	39.961678	2.5390856	20	TuPa28_Plate1_E4_S100
1969	33.33179	4.438769	20	TuPa28_Plate1_C20_S70
1970	28.485033	4.8296304	20	TuPa28_Plate1_O1_S27
1971	32.37363	2.8568873	20	TuPa28_Plate1_P6_S55
1972	-18.815584	-2.0736635	quiescent stellate	TuPa28_Plate1_L7_S264
1973	34.500942	8.535894	20	TuPa28_Plate1_M9_S289
1974	38.087795	2.030306	20	TuPa28_Plate1_I2_S190
1975	35.167377	2.0118768	20	TuPa28_Plate1_P16_S65
1976	39.142685	3.1097617	20	TuPa28_Plate1_E19_S115
1977	34.513348	0.71132076	20	TuPa28_Plate1_K8_S242
1978	39.82472	1.6110992	20	TuPa28_Plate1_C11_S61
1979	30.427893	5.8220725	20	TuPa28_Plate1_B14_S41
1980	-32.693207	17.70643	T cell	TuPa28_Plate1_G21_S163
1981	28.068586	2.4072888	20	TuPa28_Plate1_G5_S147
1982	34.60885	5.272238	20	TuPa28_Plate1_O11_S37
1983	28.658201	5.338596	20	TuPa28_Plate1_B5_S32
1984	36.109104	5.8235693	20	TuPa28_Plate1_A13_S17
1985	30.521957	6.037637	20	TuPa28_Plate1_G3_S145
1986	39.365627	-0.13584323	20	TuPa28_Plate1_H4_S169
1987	29.5976	4.1346445	20	TuPa28_Plate1_N16_S19
1988	39.028225	1.0673399	20	TuPa28_Plate1_K18_S252
1989	-31.384506	17.938759	T cell	TuPa28_Plate1_G22_S164
1990	37.172573	4.2634583	20	TuPa28_Plate1_A17_S21
1991	-9.388948	38.95621	macrophage	TuPa28_Plate1_F21_S140
1992	29.850904	5.874352	20	TuPa28_Plate1_H1_S166
1993	39.850407	2.9083426	20	TuPa28_Plate1_B17_S44
1994	-31.56822	18.292942	T cell	TuPa28_Plate1_C23_S73
1995	35.88972	8.144942	20	TuPa28_Plate1_J11_S222
1996	40.434963	4.1435957	20	TuPa28_Plate1_A19_S23
1997	41.78772	-1.3161204	20	TuPa28_Plate1_J7_S218
1998	26.393143	3.875983	20	TuPa28_Plate1_M6_S286
1999	41.34607	1.4581927	20	TuPa28_Plate1_H14_S179
2000	32.815544	5.941483	20	TuPa28_Plate1_D1_S74
2001	27.735247	3.895602	20	TuPa28_Plate1_J17_S228
